CBSA Code,year,n
10420,1980,55
10420,1981,48
10420,1982,58
10420,1983,64
10420,1984,43
10420,1985,43
10420,1986,51
10420,1987,49
10420,1988,70
10420,1989,42
10420,1990,40
10420,1991,67
10420,1992,19
10420,1993,33
10420,1994,33
10420,1995,33
10420,1996,41
10420,1997,25
10420,1998,52
10420,1999,57
10420,2000,33
10420,2001,51
10420,2002,46
10420,2003,31
10420,2004,27
10420,2005,43
10420,2006,19
10420,2007,39
10420,2008,18
10420,2009,4
10420,2010,19
10420,2011,9
10420,2012,8
10420,2013,3
10420,2014,1
10420,2015,2
10420,2016,1
10420,2018,3
10420,2019,3
10420,2020,5
10420,2021,4
10420,2022,4
10580,1980,33
10580,1981,20
10580,1982,22
10580,1983,28
10580,1984,10
10580,1985,24
10580,1986,13
10580,1987,21
10580,1988,37
10580,1989,19
10580,1990,13
10580,1991,27
10580,1992,15
10580,1993,15
10580,1994,20
10580,1995,24
10580,1996,15
10580,1997,13
10580,1998,19
10580,1999,28
10580,2000,7
10580,2001,25
10580,2002,35
10580,2003,18
10580,2004,18
10580,2005,22
10580,2006,11
10580,2007,27
10580,2008,11
10580,2009,3
10580,2010,11
10580,2011,3
10580,2012,9
10580,2015,2
10580,2016,3
10580,2018,3
10580,2020,3
10580,2021,2
10740,1980,54
10740,1981,82
10740,1982,52
10740,1983,66
10740,1984,55
10740,1985,21
10740,1986,40
10740,1987,67
10740,1988,25
10740,1989,35
10740,1990,27
10740,1991,18
10740,1992,9
10740,1993,9
10740,1994,19
10740,1995,17
10740,1996,26
10740,1997,19
10740,1998,24
10740,1999,24
10740,2000,44
10740,2001,23
10740,2002,34
10740,2003,61
10740,2004,26
10740,2005,31
10740,2006,34
10740,2007,28
10740,2008,12
10740,2009,3
10740,2010,6
10740,2011,38
10740,2012,33
10740,2013,14
10740,2014,1
10740,2015,4
10740,2016,6
10740,2017,6
10740,2018,25
10740,2019,4
10740,2020,11
10740,2021,24
10740,2022,8
10900,1980,81
10900,1981,49
10900,1982,45
10900,1983,69
10900,1984,51
10900,1985,59
10900,1986,38
10900,1987,49
10900,1988,64
10900,1989,32
10900,1990,31
10900,1991,41
10900,1992,21
10900,1993,40
10900,1994,44
10900,1995,41
10900,1996,36
10900,1997,36
10900,1998,52
10900,1999,47
10900,2000,33
10900,2001,52
10900,2002,47
10900,2003,32
10900,2004,34
10900,2005,35
10900,2006,20
10900,2007,36
10900,2008,20
10900,2009,3
10900,2010,34
10900,2011,16
10900,2012,19
10900,2013,11
10900,2014,5
10900,2015,7
10900,2016,11
10900,2017,4
10900,2018,9
10900,2019,5
10900,2020,2
10900,2021,4
12060,1980,91
12060,1981,50
12060,1982,47
12060,1983,72
12060,1984,54
12060,1985,40
12060,1986,77
12060,1987,102
12060,1988,102
12060,1989,74
12060,1990,115
12060,1991,73
12060,1992,70
12060,1993,102
12060,1994,64
12060,1995,88
12060,1996,73
12060,1997,76
12060,1998,115
12060,1999,130
12060,2000,116
12060,2001,84
12060,2002,76
12060,2003,61
12060,2004,58
12060,2005,71
12060,2006,92
12060,2007,87
12060,2008,59
12060,2009,26
12060,2010,52
12060,2011,74
12060,2012,32
12060,2013,13
12060,2014,19
12060,2015,22
12060,2016,36
12060,2017,11
12060,2018,12
12060,2019,25
12060,2020,3
12060,2021,11
12060,2022,9
12420,1980,25
12420,1981,22
12420,1982,30
12420,1983,16
12420,1984,22
12420,1985,30
12420,1986,14
12420,1987,28
12420,1988,33
12420,1989,28
12420,1990,22
12420,1991,18
12420,1992,22
12420,1993,12
12420,1994,22
12420,1995,48
12420,1996,9
12420,1997,34
12420,1998,28
12420,1999,51
12420,2000,37
12420,2001,13
12420,2002,19
12420,2003,23
12420,2004,16
12420,2005,20
12420,2006,41
12420,2007,11
12420,2008,14
12420,2009,7
12420,2010,10
12420,2011,19
12420,2012,9
12420,2013,5
12420,2015,12
12420,2016,1
12420,2017,5
12420,2018,11
12420,2019,2
12420,2020,2
12420,2021,1
12420,2022,2
12540,1980,130
12540,1981,138
12540,1982,116
12540,1983,106
12540,1984,107
12540,1985,158
12540,1986,166
12540,1987,163
12540,1988,194
12540,1989,186
12540,1990,193
12540,1991,170
12540,1992,164
12540,1993,164
12540,1994,161
12540,1995,162
12540,1996,154
12540,1997,140
12540,1998,139
12540,1999,199
12540,2000,207
12540,2001,211
12540,2002,237
12540,2003,227
12540,2004,212
12540,2005,174
12540,2006,185
12540,2007,190
12540,2008,203
12540,2009,176
12540,2010,131
12540,2011,148
12540,2012,147
12540,2013,146
12540,2014,169
12540,2015,128
12540,2016,126
12540,2017,146
12540,2018,139
12540,2019,103
12540,2020,134
12540,2021,135
12540,2022,23
12580,1980,129
12580,1981,105
12580,1982,118
12580,1983,117
12580,1984,101
12580,1985,102
12580,1986,92
12580,1987,96
12580,1988,101
12580,1989,64
12580,1990,73
12580,1991,96
12580,1992,53
12580,1993,100
12580,1994,76
12580,1995,76
12580,1996,67
12580,1997,68
12580,1998,87
12580,1999,75
12580,2000,62
12580,2001,82
12580,2002,85
12580,2003,55
12580,2004,53
12580,2005,62
12580,2006,57
12580,2007,64
12580,2008,45
12580,2009,25
12580,2010,57
12580,2011,41
12580,2012,38
12580,2013,13
12580,2014,7
12580,2015,20
12580,2016,27
12580,2017,16
12580,2018,20
12580,2019,14
12580,2020,4
12580,2021,17
12580,2022,2
12940,1980,70
12940,1981,75
12940,1982,40
12940,1983,52
12940,1984,55
12940,1985,61
12940,1986,66
12940,1987,74
12940,1988,62
12940,1989,51
12940,1990,73
12940,1991,43
12940,1992,65
12940,1993,59
12940,1994,49
12940,1995,70
12940,1996,55
12940,1997,75
12940,1998,56
12940,1999,73
12940,2000,91
12940,2001,43
12940,2002,35
12940,2003,52
12940,2004,45
12940,2005,74
12940,2006,68
12940,2007,48
12940,2008,36
12940,2009,19
12940,2010,40
12940,2011,44
12940,2012,34
12940,2013,9
12940,2014,15
12940,2015,21
12940,2016,9
12940,2017,9
12940,2018,19
12940,2019,10
12940,2020,8
12940,2021,6
12940,2022,12
13140,1980,63
13140,1981,51
13140,1982,52
13140,1983,53
13140,1984,50
13140,1985,5
13140,1986,50
13140,1987,37
13140,1988,48
13140,1989,47
13140,1990,62
13140,1991,51
13140,1992,55
13140,1993,43
13140,1994,26
13140,1995,66
13140,1996,18
13140,1997,36
13140,1998,22
13140,1999,13
13140,2000,59
13140,2001,34
13140,2002,42
13140,2003,45
13140,2004,57
13140,2005,54
13140,2006,38
13140,2007,28
13140,2008,16
13140,2009,15
13140,2010,32
13140,2011,32
13140,2012,23
13140,2013,7
13140,2014,5
13140,2015,10
13140,2016,5
13140,2017,3
13140,2018,11
13140,2019,6
13140,2020,2
13140,2021,3
13140,2022,3
13820,1980,66
13820,1981,99
13820,1982,74
13820,1983,69
13820,1984,23
13820,1985,39
13820,1986,73
13820,1987,74
13820,1988,83
13820,1989,31
13820,1990,64
13820,1991,31
13820,1992,37
13820,1993,39
13820,1994,28
13820,1995,61
13820,1996,41
13820,1997,45
13820,1998,61
13820,1999,122
13820,2000,109
13820,2001,106
13820,2002,69
13820,2003,52
13820,2004,46
13820,2005,69
13820,2006,77
13820,2007,79
13820,2008,33
13820,2009,8
13820,2010,33
13820,2011,41
13820,2012,20
13820,2013,4
13820,2014,7
13820,2015,6
13820,2016,15
13820,2017,3
13820,2018,5
13820,2019,17
13820,2020,3
13820,2021,5
13820,2022,3
14460,1980,84
14460,1981,55
14460,1982,69
14460,1983,82
14460,1984,105
14460,1985,47
14460,1986,46
14460,1987,46
14460,1988,55
14460,1989,34
14460,1990,31
14460,1991,37
14460,1992,31
14460,1993,31
14460,1994,33
14460,1995,36
14460,1996,33
14460,1997,31
14460,1998,31
14460,1999,42
14460,2000,20
14460,2001,35
14460,2002,59
14460,2003,29
14460,2004,20
14460,2005,34
14460,2006,35
14460,2007,38
14460,2008,18
14460,2009,8
14460,2010,12
14460,2011,7
14460,2012,15
14460,2013,9
14460,2014,7
14460,2015,4
14460,2016,8
14460,2017,7
14460,2018,6
14460,2019,2
14460,2021,6
14860,1980,225
14860,1981,133
14860,1982,85
14860,1983,105
14860,1984,68
14860,1985,60
14860,1986,48
14860,1987,51
14860,1988,65
14860,1989,46
14860,1990,44
14860,1991,48
14860,1992,29
14860,1993,35
14860,1994,48
14860,1995,33
14860,1996,33
14860,1997,36
14860,1998,51
14860,1999,40
14860,2000,32
14860,2001,46
14860,2002,53
14860,2003,33
14860,2004,25
14860,2005,36
14860,2006,30
14860,2007,39
14860,2008,32
14860,2009,17
14860,2010,30
14860,2011,20
14860,2012,32
14860,2013,25
14860,2014,17
14860,2015,33
14860,2016,23
14860,2017,16
14860,2018,24
14860,2019,21
14860,2020,15
14860,2021,19
14860,2022,5
15380,1980,41
15380,1981,38
15380,1982,34
15380,1983,41
15380,1984,35
15380,1985,38
15380,1986,37
15380,1987,46
15380,1988,48
15380,1989,30
15380,1990,26
15380,1991,33
15380,1992,13
15380,1993,15
15380,1994,23
15380,1995,19
15380,1996,16
15380,1997,11
15380,1998,40
15380,1999,40
15380,2000,13
15380,2001,35
15380,2002,45
15380,2003,23
15380,2004,19
15380,2005,40
15380,2006,17
15380,2007,36
15380,2008,11
15380,2009,3
15380,2010,11
15380,2011,8
15380,2012,17
15380,2013,5
15380,2014,2
15380,2015,4
15380,2016,7
15380,2017,3
15380,2018,4
15380,2020,3
15380,2021,3
15380,2022,2
15540,1980,8
15540,1981,3
15540,1982,12
15540,1983,11
15540,1984,6
15540,1985,7
15540,1986,8
15540,1987,5
15540,1988,18
15540,1989,5
15540,1990,7
15540,1991,15
15540,1992,8
15540,1993,9
15540,1994,10
15540,1995,10
15540,1996,1
15540,1997,4
15540,1998,8
15540,1999,9
15540,2000,4
15540,2001,10
15540,2002,12
15540,2003,8
15540,2004,6
15540,2005,5
15540,2006,3
15540,2007,6
15540,2008,7
15540,2010,2
15540,2011,2
15540,2012,1
15540,2013,1
15540,2015,1
15540,2021,1
16300,1980,3
16300,1981,4
16300,1983,9
16300,1984,4
16300,1985,3
16300,1986,1
16300,1987,4
16300,1988,31
16300,1989,5
16300,1991,2
16300,1992,8
16300,1993,1
16300,1997,1
16300,1998,1
16300,1999,19
16300,2000,10
16300,2001,7
16300,2002,11
16300,2003,11
16300,2004,2
16300,2005,14
16300,2006,1
16300,2007,9
16300,2008,2
16300,2009,4
16300,2010,6
16300,2011,1
16300,2012,6
16300,2013,2
16300,2014,1
16300,2015,1
16300,2016,1
16300,2018,5
16300,2020,1
16300,2021,4
16700,1980,39
16700,1981,7
16700,1982,8
16700,1983,20
16700,1984,23
16700,1985,13
16700,1986,41
16700,1987,45
16700,1988,42
16700,1989,27
16700,1990,18
16700,1991,12
16700,1992,18
16700,1993,27
16700,1994,10
16700,1995,8
16700,1996,7
16700,1997,8
16700,1998,35
16700,1999,26
16700,2000,27
16700,2001,9
16700,2002,13
16700,2003,8
16700,2004,11
16700,2005,16
16700,2006,18
16700,2007,8
16700,2008,8
16700,2010,2
16700,2011,4
16700,2012,1
16700,2015,1
16700,2016,5
16700,2017,1
16700,2020,1
16740,1980,128
16740,1981,89
16740,1982,73
16740,1983,98
16740,1984,71
16740,1985,74
16740,1986,90
16740,1987,87
16740,1988,93
16740,1989,61
16740,1990,85
16740,1991,65
16740,1992,49
16740,1993,86
16740,1994,52
16740,1995,66
16740,1996,71
16740,1997,77
16740,1998,101
16740,1999,95
16740,2000,81
16740,2001,83
16740,2002,79
16740,2003,55
16740,2004,49
16740,2005,72
16740,2006,61
16740,2007,87
16740,2008,55
16740,2009,13
16740,2010,43
16740,2011,45
16740,2012,29
16740,2013,3
16740,2014,7
16740,2015,13
16740,2016,11
16740,2017,6
16740,2018,11
16740,2019,19
16740,2020,2
16740,2021,3
16740,2022,6
16980,1980,109
16980,1981,70
16980,1982,79
16980,1983,98
16980,1984,77
16980,1985,63
16980,1986,100
16980,1987,74
16980,1988,109
16980,1989,88
16980,1990,92
16980,1991,78
16980,1992,37
16980,1993,32
16980,1994,47
16980,1995,62
16980,1996,43
16980,1997,39
16980,1998,66
16980,1999,79
16980,2000,65
16980,2001,93
16980,2002,66
16980,2003,61
16980,2004,44
16980,2005,77
16980,2006,25
16980,2007,62
16980,2008,50
16980,2009,24
16980,2010,37
16980,2011,27
16980,2012,55
16980,2013,19
16980,2014,19
16980,2015,17
16980,2016,28
16980,2017,26
16980,2018,26
16980,2019,14
16980,2020,26
16980,2021,32
16980,2022,13
17020,1980,8
17020,1981,2
17020,1982,10
17020,1983,1
17020,1984,6
17020,1985,26
17020,1986,35
17020,1987,32
17020,1988,30
17020,1989,24
17020,1990,20
17020,1991,11
17020,1992,25
17020,1993,18
17020,1994,48
17020,1995,12
17020,1996,18
17020,1997,1
17020,1998,13
17020,1999,36
17020,2000,54
17020,2001,53
17020,2002,89
17020,2003,54
17020,2004,45
17020,2005,42
17020,2006,71
17020,2007,44
17020,2008,37
17020,2009,40
17020,2010,19
17020,2011,26
17020,2012,35
17020,2013,14
17020,2014,17
17020,2015,15
17020,2016,18
17020,2017,27
17020,2018,44
17020,2019,5
17020,2020,40
17020,2021,32
17140,1980,108
17140,1981,67
17140,1982,89
17140,1983,151
17140,1984,68
17140,1985,71
17140,1986,75
17140,1987,94
17140,1988,86
17140,1989,57
17140,1990,62
17140,1991,68
17140,1992,26
17140,1993,49
17140,1994,59
17140,1995,68
17140,1996,55
17140,1997,46
17140,1998,70
17140,1999,86
17140,2000,49
17140,2001,61
17140,2002,63
17140,2003,43
17140,2004,36
17140,2005,70
17140,2006,44
17140,2007,73
17140,2008,40
17140,2009,16
17140,2010,47
17140,2011,40
17140,2012,50
17140,2013,10
17140,2014,15
17140,2015,14
17140,2016,23
17140,2017,10
17140,2018,15
17140,2019,13
17140,2020,11
17140,2021,9
17140,2022,6
17460,1980,49
17460,1981,50
17460,1982,68
17460,1983,65
17460,1984,70
17460,1985,62
17460,1986,55
17460,1987,47
17460,1988,69
17460,1989,54
17460,1990,37
17460,1991,61
17460,1992,37
17460,1993,53
17460,1994,60
17460,1995,54
17460,1996,51
17460,1997,47
17460,1998,62
17460,1999,80
17460,2000,57
17460,2001,77
17460,2002,60
17460,2003,52
17460,2004,40
17460,2005,69
17460,2006,29
17460,2007,30
17460,2008,26
17460,2009,13
17460,2010,42
17460,2011,32
17460,2012,53
17460,2013,10
17460,2014,11
17460,2015,13
17460,2016,18
17460,2017,7
17460,2018,14
17460,2019,7
17460,2020,11
17460,2021,9
17460,2022,8
17820,1980,30
17820,1981,18
17820,1982,19
17820,1983,20
17820,1984,21
17820,1985,5
17820,1986,2
17820,1987,2
17820,1988,13
17820,1989,14
17820,1990,10
17820,1991,12
17820,1993,2
17820,1994,3
17820,1995,27
17820,1996,25
17820,1997,2
17820,1998,1
17820,1999,3
17820,2000,27
17820,2001,4
17820,2002,9
17820,2003,14
17820,2004,5
17820,2005,17
17820,2006,21
17820,2007,10
17820,2008,19
17820,2009,1
17820,2010,6
17820,2011,12
17820,2012,25
17820,2013,13
17820,2015,2
17820,2016,3
17820,2017,5
17820,2018,18
17820,2019,1
17820,2020,7
17820,2021,30
17820,2022,3
17900,1980,90
17900,1981,65
17900,1982,33
17900,1983,63
17900,1984,38
17900,1985,34
17900,1986,52
17900,1987,58
17900,1988,73
17900,1989,29
17900,1990,70
17900,1991,18
17900,1992,22
17900,1993,62
17900,1994,24
17900,1995,31
17900,1996,18
17900,1997,37
17900,1998,72
17900,1999,55
17900,2000,65
17900,2001,49
17900,2002,46
17900,2003,25
17900,2004,36
17900,2005,29
17900,2006,34
17900,2007,33
17900,2008,25
17900,2009,2
17900,2010,6
17900,2011,22
17900,2012,3
17900,2016,6
17900,2017,2
17900,2018,1
17900,2020,1
17900,2021,2
18140,1980,79
18140,1981,40
18140,1982,44
18140,1983,53
18140,1984,24
18140,1985,40
18140,1986,18
18140,1987,32
18140,1988,46
18140,1989,30
18140,1990,34
18140,1991,75
18140,1992,32
18140,1993,41
18140,1994,54
18140,1995,55
18140,1996,53
18140,1997,37
18140,1998,70
18140,1999,77
18140,2000,44
18140,2001,55
18140,2002,65
18140,2003,38
18140,2004,31
18140,2005,55
18140,2006,30
18140,2007,50
18140,2008,25
18140,2009,8
18140,2010,28
18140,2011,22
18140,2012,34
18140,2013,7
18140,2014,7
18140,2015,6
18140,2016,12
18140,2017,6
18140,2018,4
18140,2019,2
18140,2020,4
18140,2021,1
18140,2022,4
19100,1980,100
19100,1981,97
19100,1982,73
19100,1983,96
19100,1984,110
19100,1985,100
19100,1986,86
19100,1987,87
19100,1988,105
19100,1989,73
19100,1990,70
19100,1991,65
19100,1992,50
19100,1993,49
19100,1994,77
19100,1995,87
19100,1996,64
19100,1997,81
19100,1998,93
19100,1999,84
19100,2000,79
19100,2001,84
19100,2002,66
19100,2003,76
19100,2004,61
19100,2005,88
19100,2006,72
19100,2007,48
19100,2008,51
19100,2009,55
19100,2010,31
19100,2011,68
19100,2012,64
19100,2013,49
19100,2014,27
19100,2015,47
19100,2016,20
19100,2017,24
19100,2018,39
19100,2019,31
19100,2020,26
19100,2021,33
19100,2022,35
19340,1980,32
19340,1981,5
19340,1982,4
19340,1983,33
19340,1984,20
19340,1985,15
19340,1986,10
19340,1987,25
19340,1988,77
19340,1989,29
19340,1990,5
19340,1991,22
19340,1992,21
19340,1993,8
19340,1994,9
19340,1995,18
19340,1996,18
19340,1997,10
19340,1998,11
19340,1999,19
19340,2000,14
19340,2001,20
19340,2002,21
19340,2003,22
19340,2004,7
19340,2005,29
19340,2006,7
19340,2007,17
19340,2008,5
19340,2009,3
19340,2010,8
19340,2011,1
19340,2012,8
19340,2013,4
19340,2014,4
19340,2015,4
19340,2016,2
19340,2017,1
19340,2018,6
19340,2019,3
19340,2020,4
19340,2021,4
19380,1980,54
19380,1981,51
19380,1982,74
19380,1983,64
19380,1984,42
19380,1985,23
19380,1986,35
19380,1987,49
19380,1988,63
19380,1989,37
19380,1990,25
19380,1991,54
19380,1992,5
19380,1993,31
19380,1994,41
19380,1995,34
19380,1996,47
19380,1997,41
19380,1998,51
19380,1999,50
19380,2000,35
19380,2001,42
19380,2002,52
19380,2003,36
19380,2004,23
19380,2005,43
19380,2006,21
19380,2007,27
19380,2008,21
19380,2009,10
19380,2010,26
19380,2011,22
19380,2012,27
19380,2013,10
19380,2014,6
19380,2015,8
19380,2016,9
19380,2017,5
19380,2018,7
19380,2020,4
19380,2021,2
19380,2022,3
19740,1980,147
19740,1981,137
19740,1982,144
19740,1983,157
19740,1984,127
19740,1985,111
19740,1986,128
19740,1987,109
19740,1988,99
19740,1989,86
19740,1990,33
19740,1991,39
19740,1992,45
19740,1993,49
19740,1994,46
19740,1995,40
19740,1996,54
19740,1997,34
19740,1998,46
19740,1999,30
19740,2000,55
19740,2001,43
19740,2002,52
19740,2003,66
19740,2004,27
19740,2005,44
19740,2006,65
19740,2007,102
19740,2008,61
19740,2009,23
19740,2010,45
19740,2011,64
19740,2012,77
19740,2013,53
19740,2014,39
19740,2015,30
19740,2016,31
19740,2017,43
19740,2018,64
19740,2019,24
19740,2020,35
19740,2021,69
19740,2022,41
19780,1980,60
19780,1981,6
19780,1982,10
19780,1983,57
19780,1984,14
19780,1985,7
19780,1986,1
19780,1989,3
19780,1992,11
19780,1993,1
19780,1995,9
19780,1996,2
19780,1998,5
19780,1999,10
19780,2000,11
19780,2001,1
19780,2003,4
19780,2004,3
19780,2005,16
19780,2006,3
19780,2007,6
19780,2008,1
19780,2009,1
19780,2010,3
19780,2012,7
19780,2014,1
19780,2016,1
19780,2017,1
19780,2018,3
19780,2019,1
19780,2020,2
19780,2021,1
19820,1980,75
19820,1981,73
19820,1982,53
19820,1983,56
19820,1984,44
19820,1985,33
19820,1986,30
19820,1987,44
19820,1988,54
19820,1989,41
19820,1990,37
19820,1991,57
19820,1992,19
19820,1993,27
19820,1994,39
19820,1995,35
19820,1996,34
19820,1997,33
19820,1998,52
19820,1999,56
19820,2000,36
19820,2001,60
19820,2002,49
19820,2003,41
19820,2004,27
19820,2005,55
19820,2006,26
19820,2007,35
19820,2008,16
19820,2009,14
19820,2010,24
19820,2011,24
19820,2012,39
19820,2013,10
19820,2014,15
19820,2015,19
19820,2016,21
19820,2017,14
19820,2018,14
19820,2019,13
19820,2020,20
19820,2021,12
19820,2022,10
20260,1980,11
20260,1981,10
20260,1982,5
20260,1983,4
20260,1984,4
20260,1985,3
20260,1986,2
20260,1987,2
20260,1988,1
20260,1989,3
20260,1997,5
20260,1998,2
20260,1999,4
20260,2000,2
20260,2001,2
20260,2003,2
20260,2004,3
20260,2005,7
20260,2007,2
20260,2008,1
20260,2010,2
20260,2011,1
20260,2012,1
20260,2015,2
20260,2016,1
20260,2018,2
20260,2019,1
20260,2020,1
20260,2021,12
21340,1980,38
21340,1981,50
21340,1982,41
21340,1983,56
21340,1984,45
21340,1985,72
21340,1986,62
21340,1987,63
21340,1988,56
21340,1989,59
21340,1990,43
21340,1991,29
21340,1992,41
21340,1993,28
21340,1994,42
21340,1995,27
21340,1996,42
21340,1997,28
21340,1998,49
21340,1999,23
21340,2000,48
21340,2001,46
21340,2002,56
21340,2003,58
21340,2004,37
21340,2005,44
21340,2006,62
21340,2007,47
21340,2008,38
21340,2009,13
21340,2010,19
21340,2011,28
21340,2012,26
21340,2013,15
21340,2014,12
21340,2015,9
21340,2016,6
21340,2017,23
21340,2018,19
21340,2019,15
21340,2020,21
21340,2021,20
21340,2022,18
21500,1980,50
21500,1981,21
21500,1982,24
21500,1983,35
21500,1984,11
21500,1985,23
21500,1986,23
21500,1987,31
21500,1988,53
21500,1989,31
21500,1990,29
21500,1991,28
21500,1992,12
21500,1993,23
21500,1994,31
21500,1995,27
21500,1996,14
21500,1997,23
21500,1998,43
21500,1999,46
21500,2000,11
21500,2001,29
21500,2002,31
21500,2003,14
21500,2004,15
21500,2005,35
21500,2006,12
21500,2007,23
21500,2008,8
21500,2009,4
21500,2010,12
21500,2011,6
21500,2012,19
21500,2013,2
21500,2014,1
21500,2015,3
21500,2016,3
21500,2017,1
21660,1980,3
21660,1981,15
21660,1982,1
21660,1983,6
21660,1984,2
21660,1985,26
21660,1986,13
21660,1987,15
21660,1988,14
21660,1989,1
21660,1990,6
21660,1991,12
21660,1992,10
21660,1993,1
21660,1994,3
21660,1995,2
21660,1996,17
21660,1998,12
21660,1999,20
21660,2000,32
21660,2001,38
21660,2002,28
21660,2003,32
21660,2004,24
21660,2005,38
21660,2006,15
21660,2007,24
21660,2008,15
21660,2009,26
21660,2010,5
21660,2011,16
21660,2012,8
21660,2013,21
21660,2014,19
21660,2015,16
21660,2016,1
21660,2017,31
21660,2018,9
21660,2019,8
21660,2020,14
21660,2021,20
21660,2022,31
21780,1980,13
21780,1981,32
21780,1982,57
21780,1983,71
21780,1984,31
21780,1985,54
21780,1986,35
21780,1987,81
21780,1988,81
21780,1989,53
21780,1990,60
21780,1991,91
21780,1992,28
21780,1993,40
21780,1994,76
21780,1995,71
21780,1996,56
21780,1997,45
21780,1998,65
21780,1999,59
21780,2000,41
21780,2001,33
21780,2002,54
21780,2003,32
21780,2004,13
21780,2005,47
21780,2006,27
21780,2007,48
21780,2008,13
21780,2009,6
21780,2010,23
21780,2011,18
21780,2012,36
21780,2013,3
21780,2014,7
21780,2015,7
21780,2016,7
21780,2017,4
21780,2018,5
21780,2020,3
21780,2021,3
21780,2022,2
22140,1984,3
22140,1998,5
22140,1999,2
22140,2000,33
22140,2001,22
22140,2002,24
22140,2003,20
22140,2004,2
22140,2005,10
22140,2006,24
22140,2007,47
22140,2008,3
22140,2009,1
22140,2010,13
22140,2011,14
22140,2012,14
22140,2013,9
22140,2015,2
22140,2016,2
22140,2017,7
22140,2018,22
22140,2020,5
22140,2021,9
22140,2022,12
22660,1980,16
22660,1981,15
22660,1982,6
22660,1983,11
22660,1984,10
22660,1985,6
22660,1986,16
22660,1987,10
22660,1988,26
22660,1989,14
22660,1990,5
22660,1991,16
22660,1992,7
22660,1993,8
22660,1994,12
22660,1995,8
22660,1996,13
22660,1997,5
22660,1998,22
22660,1999,10
22660,2000,30
22660,2001,15
22660,2002,46
22660,2003,41
22660,2004,12
22660,2005,12
22660,2006,46
22660,2007,39
22660,2008,22
22660,2009,10
22660,2010,26
22660,2011,37
22660,2012,54
22660,2013,29
22660,2014,19
22660,2015,19
22660,2016,11
22660,2017,17
22660,2018,34
22660,2019,6
22660,2020,24
22660,2021,41
22660,2022,11
23420,1980,174
23420,1981,147
23420,1982,136
23420,1983,114
23420,1984,158
23420,1985,186
23420,1986,180
23420,1987,180
23420,1988,188
23420,1989,195
23420,1990,149
23420,1991,143
23420,1992,133
23420,1993,126
23420,1994,110
23420,1995,123
23420,1996,139
23420,1997,145
23420,1998,120
23420,1999,203
23420,2000,200
23420,2001,231
23420,2002,239
23420,2003,201
23420,2004,138
23420,2005,119
23420,2006,138
23420,2007,155
23420,2008,138
23420,2009,123
23420,2010,98
23420,2011,130
23420,2012,143
23420,2013,148
23420,2014,128
23420,2015,106
23420,2016,112
23420,2017,132
23420,2018,104
23420,2019,80
23420,2020,105
23420,2021,85
23420,2022,35
24340,1980,37
24340,1981,25
24340,1982,30
24340,1983,41
24340,1984,28
24340,1985,23
24340,1986,25
24340,1987,41
24340,1988,57
24340,1989,48
24340,1990,34
24340,1991,51
24340,1992,15
24340,1993,11
24340,1994,29
24340,1995,28
24340,1996,21
24340,1997,22
24340,1998,35
24340,1999,41
24340,2000,16
24340,2001,36
24340,2002,35
24340,2003,27
24340,2004,11
24340,2005,40
24340,2006,19
24340,2007,26
24340,2008,4
24340,2009,4
24340,2010,5
24340,2011,10
24340,2012,24
24340,2013,7
24340,2014,5
24340,2015,3
24340,2016,13
24340,2017,1
24340,2018,5
24340,2019,1
24340,2020,9
24340,2021,5
24340,2022,5
24540,1980,17
24540,1981,22
24540,1982,11
24540,1983,17
24540,1984,17
24540,1985,4
24540,1986,9
24540,1987,9
24540,1988,9
24540,1989,4
24540,1990,7
24540,1991,6
24540,1992,1
24540,1993,1
24540,1994,4
24540,1995,5
24540,1996,4
24540,1997,3
24540,1998,13
24540,1999,3
24540,2000,4
24540,2001,13
24540,2002,22
24540,2003,30
24540,2004,2
24540,2005,22
24540,2006,31
24540,2007,20
24540,2008,11
24540,2009,4
24540,2010,9
24540,2011,13
24540,2012,26
24540,2013,13
24540,2014,6
24540,2015,12
24540,2016,3
24540,2017,10
24540,2018,14
24540,2019,3
24540,2020,13
24540,2021,37
24540,2022,16
24860,1980,80
24860,1981,45
24860,1982,32
24860,1983,78
24860,1984,25
24860,1985,28
24860,1986,45
24860,1987,63
24860,1988,73
24860,1989,22
24860,1990,55
24860,1991,15
24860,1992,17
24860,1993,55
24860,1994,19
24860,1995,40
24860,1996,31
24860,1997,46
24860,1998,75
24860,1999,75
24860,2000,77
24860,2001,45
24860,2002,58
24860,2003,31
24860,2004,24
24860,2005,36
24860,2006,25
24860,2007,24
24860,2008,18
24860,2009,1
24860,2010,16
24860,2011,22
24860,2012,6
24860,2015,3
24860,2016,7
24860,2019,1
24860,2020,1
24860,2021,1
25420,1980,45
25420,1981,34
25420,1982,56
25420,1983,72
25420,1984,38
25420,1985,45
25420,1986,35
25420,1987,49
25420,1988,57
25420,1989,31
25420,1990,33
25420,1991,56
25420,1992,19
25420,1993,45
25420,1994,45
25420,1995,37
25420,1996,27
25420,1997,30
25420,1998,56
25420,1999,53
25420,2000,35
25420,2001,60
25420,2002,51
25420,2003,30
25420,2004,25
25420,2005,44
25420,2006,23
25420,2007,35
25420,2008,24
25420,2009,10
25420,2010,16
25420,2011,18
25420,2012,15
25420,2013,13
25420,2014,4
25420,2015,8
25420,2016,6
25420,2017,1
25420,2018,1
25420,2019,7
25420,2020,3
25420,2021,3
25420,2022,2
25540,1980,94
25540,1981,45
25540,1982,76
25540,1983,77
25540,1984,57
25540,1985,55
25540,1986,32
25540,1987,49
25540,1988,54
25540,1989,40
25540,1990,30
25540,1991,43
25540,1992,31
25540,1993,32
25540,1994,41
25540,1995,37
25540,1996,22
25540,1997,29
25540,1998,32
25540,1999,38
25540,2000,24
25540,2001,37
25540,2002,45
25540,2003,21
25540,2004,21
25540,2005,28
25540,2006,25
25540,2007,33
25540,2008,19
25540,2009,7
25540,2010,18
25540,2011,9
25540,2012,24
25540,2013,15
25540,2014,17
25540,2015,19
25540,2016,18
25540,2017,9
25540,2018,11
25540,2019,10
25540,2020,2
25540,2021,16
25540,2022,1
26420,1980,147
26420,1981,128
26420,1982,126
26420,1983,153
26420,1984,121
26420,1985,124
26420,1986,111
26420,1987,126
26420,1988,132
26420,1989,80
26420,1990,96
26420,1991,83
26420,1992,69
26420,1993,64
26420,1994,88
26420,1995,103
26420,1996,62
26420,1997,84
26420,1998,94
26420,1999,102
26420,2000,90
26420,2001,85
26420,2002,73
26420,2003,82
26420,2004,77
26420,2005,104
26420,2006,82
26420,2007,59
26420,2008,52
26420,2009,38
26420,2010,44
26420,2011,60
26420,2012,50
26420,2013,24
26420,2014,19
26420,2015,47
26420,2016,25
26420,2017,29
26420,2018,35
26420,2019,35
26420,2020,28
26420,2021,33
26420,2022,19
26580,1980,31
26580,1981,32
26580,1982,50
26580,1983,67
26580,1984,59
26580,1985,57
26580,1986,47
26580,1987,73
26580,1988,63
26580,1989,29
26580,1990,43
26580,1991,52
26580,1992,21
26580,1993,42
26580,1994,51
26580,1995,49
26580,1996,35
26580,1997,35
26580,1998,60
26580,1999,69
26580,2000,37
26580,2001,51
26580,2002,59
26580,2003,30
26580,2004,6
26580,2005,32
26580,2006,31
26580,2007,56
26580,2008,19
26580,2009,2
26580,2010,20
26580,2011,16
26580,2012,16
26580,2013,2
26580,2014,2
26580,2015,4
26580,2016,5
26580,2017,4
26580,2018,2
26580,2020,1
26580,2021,1
26900,1980,104
26900,1981,75
26900,1982,69
26900,1983,84
26900,1984,58
26900,1985,64
26900,1986,65
26900,1987,93
26900,1988,73
26900,1989,47
26900,1990,41
26900,1991,45
26900,1992,22
26900,1993,43
26900,1994,65
26900,1995,59
26900,1996,50
26900,1997,42
26900,1998,115
26900,1999,127
26900,2000,99
26900,2001,64
26900,2002,59
26900,2003,49
26900,2004,30
26900,2005,62
26900,2006,30
26900,2007,55
26900,2008,18
26900,2009,13
26900,2010,28
26900,2011,31
26900,2012,32
26900,2013,9
26900,2014,8
26900,2015,6
26900,2016,13
26900,2017,7
26900,2018,13
26900,2019,5
26900,2020,7
26900,2021,11
26900,2022,11
27140,1980,45
27140,1981,31
27140,1982,12
27140,1983,16
27140,1984,13
27140,1985,7
27140,1986,9
27140,1987,16
27140,1988,29
27140,1989,10
27140,1990,34
27140,1991,8
27140,1992,11
27140,1993,9
27140,1994,11
27140,1995,15
27140,1996,20
27140,1997,22
27140,1998,37
27140,1999,34
27140,2000,45
27140,2001,23
27140,2002,10
27140,2003,11
27140,2004,6
27140,2005,13
27140,2006,12
27140,2007,7
27140,2008,3
27140,2009,1
27140,2010,2
27140,2011,8
27140,2012,4
27140,2014,1
27140,2015,1
27140,2016,1
27140,2018,2
27140,2019,1
27140,2020,1
27140,2022,2
27260,1980,29
27260,1981,25
27260,1982,16
27260,1983,15
27260,1984,12
27260,1985,15
27260,1986,22
27260,1987,41
27260,1988,36
27260,1989,19
27260,1990,26
27260,1991,11
27260,1992,18
27260,1993,27
27260,1994,16
27260,1995,14
27260,1996,19
27260,1997,28
27260,1998,35
27260,1999,26
27260,2000,34
27260,2001,16
27260,2002,8
27260,2003,18
27260,2004,24
27260,2005,19
27260,2006,15
27260,2007,17
27260,2008,5
27260,2009,3
27260,2010,5
27260,2011,11
27260,2012,4
27260,2013,1
27260,2014,4
27260,2015,1
27260,2017,1
27260,2018,5
27260,2019,1
27260,2020,3
28060,1986,3
28060,1987,2
28060,1988,4
28060,1989,3
28060,1991,3
28060,1992,8
28060,1994,4
28060,1996,4
28060,1997,1
28060,1998,2
28060,1999,2
28060,2000,1
28060,2001,2
28060,2003,10
28060,2004,1
28060,2005,1
28060,2006,1
28060,2007,4
28060,2013,4
28060,2014,2
28060,2015,13
28060,2017,12
28060,2018,16
28060,2019,1
28060,2020,8
28060,2021,11
28140,1980,85
28140,1981,55
28140,1982,28
28140,1983,52
28140,1984,62
28140,1985,45
28140,1986,31
28140,1987,55
28140,1988,67
28140,1989,24
28140,1990,21
28140,1991,44
28140,1992,20
28140,1993,27
28140,1994,49
28140,1995,83
28140,1996,80
28140,1997,59
28140,1998,53
28140,1999,50
28140,2000,61
28140,2001,49
28140,2002,57
28140,2003,66
28140,2004,16
28140,2005,55
28140,2006,44
28140,2007,35
28140,2008,8
28140,2009,15
28140,2010,25
28140,2011,39
28140,2012,52
28140,2013,10
28140,2014,8
28140,2015,7
28140,2016,8
28140,2017,9
28140,2018,16
28140,2019,1
28140,2020,5
28140,2021,13
28940,1980,65
28940,1981,87
28940,1982,67
28940,1983,72
28940,1984,61
28940,1985,70
28940,1986,68
28940,1987,67
28940,1988,60
28940,1989,35
28940,1990,64
28940,1991,54
28940,1992,32
28940,1993,80
28940,1994,61
28940,1995,86
28940,1996,84
28940,1997,84
28940,1998,111
28940,1999,132
28940,2000,90
28940,2001,69
28940,2002,81
28940,2003,50
28940,2004,35
28940,2005,72
28940,2006,61
28940,2007,84
28940,2008,41
28940,2009,7
28940,2010,44
28940,2011,45
28940,2012,28
28940,2013,2
28940,2014,2
28940,2015,2
28940,2016,18
28940,2017,2
28940,2018,2
28940,2019,3
28940,2021,6
28940,2022,1
29340,1980,20
29340,1981,35
29340,1982,25
29340,1983,22
29340,1984,16
29340,1985,27
29340,1986,29
29340,1987,48
29340,1988,47
29340,1989,29
29340,1990,36
29340,1991,30
29340,1992,30
29340,1993,35
29340,1994,17
29340,1995,33
29340,1996,16
29340,1997,42
29340,1998,35
29340,1999,36
29340,2000,48
29340,2001,18
29340,2002,9
29340,2003,19
29340,2004,16
29340,2005,26
29340,2006,19
29340,2007,11
29340,2008,8
29340,2009,10
29340,2010,11
29340,2011,11
29340,2012,6
29340,2013,3
29340,2014,4
29340,2015,4
29340,2016,1
29340,2017,3
29340,2018,7
29340,2020,2
29340,2021,1
29340,2022,1
29540,1980,35
29540,1981,31
29540,1982,40
29540,1983,44
29540,1984,29
29540,1985,27
29540,1986,22
29540,1987,43
29540,1988,53
29540,1989,16
29540,1990,27
29540,1991,51
29540,1992,21
29540,1993,42
29540,1994,42
29540,1995,42
29540,1996,36
29540,1997,39
29540,1998,58
29540,1999,42
29540,2000,26
29540,2001,48
29540,2002,50
29540,2003,29
29540,2004,19
29540,2005,48
29540,2006,29
29540,2007,40
29540,2008,19
29540,2009,5
29540,2010,32
29540,2011,23
29540,2012,22
29540,2013,8
29540,2014,15
29540,2015,15
29540,2016,6
29540,2017,5
29540,2018,5
29540,2019,10
29540,2020,5
29540,2021,8
29540,2022,2
29740,1981,10
29740,1982,5
29740,1983,7
29740,1984,7
29740,1985,15
29740,1986,20
29740,1987,19
29740,1988,27
29740,1989,18
29740,1990,12
29740,1991,6
29740,1992,15
29740,1993,15
29740,1994,29
29740,1995,33
29740,1996,66
29740,1997,52
29740,1998,53
29740,1999,40
29740,2000,50
29740,2001,38
29740,2002,47
29740,2003,63
29740,2004,43
29740,2005,33
29740,2006,42
29740,2007,28
29740,2008,47
29740,2009,16
29740,2010,15
29740,2011,32
29740,2012,34
29740,2013,59
29740,2014,20
29740,2015,16
29740,2016,17
29740,2017,40
29740,2018,37
29740,2019,25
29740,2020,22
29740,2021,33
29740,2022,33
29820,1980,126
29820,1981,150
29820,1982,95
29820,1983,71
29820,1984,86
29820,1985,113
29820,1986,81
29820,1987,45
29820,1988,91
29820,1989,76
29820,1990,78
29820,1991,49
29820,1992,48
29820,1993,45
29820,1994,70
29820,1995,36
29820,1996,73
29820,1997,33
29820,1998,77
29820,1999,85
29820,2000,66
29820,2001,83
29820,2002,74
29820,2003,75
29820,2004,51
29820,2005,70
29820,2006,67
29820,2007,56
29820,2008,39
29820,2009,26
29820,2010,41
29820,2011,53
29820,2012,60
29820,2013,44
29820,2014,21
29820,2015,33
29820,2016,29
29820,2017,35
29820,2018,53
29820,2019,8
29820,2020,28
29820,2021,40
29820,2022,9
30460,1980,53
30460,1981,23
30460,1982,30
30460,1983,71
30460,1984,38
30460,1985,21
30460,1986,42
30460,1987,70
30460,1988,66
30460,1989,40
30460,1990,25
30460,1991,19
30460,1992,3
30460,1993,27
30460,1994,47
30460,1995,38
30460,1996,22
30460,1997,26
30460,1998,38
30460,1999,65
30460,2000,18
30460,2001,17
30460,2002,36
30460,2003,10
30460,2004,3
30460,2005,29
30460,2006,11
30460,2007,35
30460,2008,6
30460,2010,8
30460,2011,9
30460,2012,20
30460,2015,5
30460,2016,1
30460,2017,1
30460,2021,3
30780,1980,48
30780,1981,41
30780,1982,9
30780,1983,47
30780,1984,32
30780,1985,19
30780,1986,30
30780,1987,43
30780,1988,46
30780,1989,16
30780,1990,38
30780,1991,29
30780,1992,10
30780,1993,6
30780,1994,15
30780,1995,43
30780,1996,16
30780,1997,24
30780,1998,27
30780,1999,32
30780,2000,44
30780,2001,39
30780,2002,37
30780,2003,17
30780,2004,15
30780,2005,49
30780,2006,23
30780,2007,26
30780,2008,4
30780,2009,5
30780,2010,12
30780,2011,22
30780,2012,19
30780,2013,6
30780,2014,3
30780,2015,1
30780,2016,1
30780,2017,1
30780,2018,3
30780,2020,2
30780,2021,3
30780,2022,1
31080,1980,298
31080,1981,311
31080,1982,295
31080,1983,268
31080,1984,303
31080,1985,291
31080,1986,303
31080,1987,287
31080,1988,303
31080,1989,299
31080,1990,245
31080,1991,248
31080,1992,252
31080,1993,247
31080,1994,221
31080,1995,219
31080,1996,174
31080,1997,171
31080,1998,126
31080,1999,176
31080,2000,184
31080,2001,193
31080,2002,185
31080,2003,178
31080,2004,162
31080,2005,143
31080,2006,138
31080,2007,131
31080,2008,138
31080,2009,127
31080,2010,123
31080,2011,130
31080,2012,136
31080,2013,110
31080,2014,113
31080,2015,140
31080,2016,115
31080,2017,127
31080,2018,113
31080,2019,97
31080,2020,148
31080,2021,106
31080,2022,34
31140,1980,167
31140,1981,80
31140,1982,77
31140,1983,91
31140,1984,77
31140,1985,56
31140,1986,90
31140,1987,79
31140,1988,82
31140,1989,50
31140,1990,46
31140,1991,49
31140,1992,18
31140,1993,45
31140,1994,73
31140,1995,61
31140,1996,47
31140,1997,51
31140,1998,73
31140,1999,103
31140,2000,53
31140,2001,70
31140,2002,60
31140,2003,34
31140,2004,22
31140,2005,64
31140,2006,42
31140,2007,68
31140,2008,29
31140,2009,11
31140,2010,44
31140,2011,42
31140,2012,42
31140,2013,4
31140,2014,9
31140,2015,13
31140,2016,21
31140,2017,6
31140,2018,11
31140,2019,4
31140,2020,8
31140,2021,9
31140,2022,2
31700,1980,38
31700,1981,44
31700,1982,41
31700,1983,38
31700,1984,43
31700,1985,32
31700,1986,24
31700,1987,25
31700,1988,43
31700,1989,18
31700,1990,22
31700,1991,21
31700,1992,13
31700,1993,19
31700,1994,20
31700,1995,21
31700,1996,13
31700,1997,14
31700,1998,11
31700,1999,22
31700,2000,6
31700,2001,19
31700,2002,27
31700,2003,17
31700,2004,12
31700,2005,19
31700,2006,13
31700,2007,21
31700,2008,12
31700,2009,5
31700,2010,10
31700,2011,3
31700,2012,7
31700,2013,2
31700,2014,4
31700,2015,2
31700,2016,3
31700,2017,1
31700,2021,2
32780,1980,74
32780,1981,40
32780,1982,44
32780,1983,33
32780,1984,26
32780,1985,38
32780,1986,27
32780,1987,15
32780,1988,20
32780,1989,24
32780,1990,8
32780,1991,4
32780,1992,21
32780,1994,5
32780,1995,5
32780,1996,8
32780,1998,16
32780,1999,19
32780,2000,23
32780,2001,7
32780,2002,30
32780,2003,10
32780,2004,10
32780,2005,11
32780,2006,6
32780,2007,3
32780,2008,10
32780,2009,10
32780,2011,4
32780,2012,3
32780,2013,25
32780,2014,3
32780,2015,30
32780,2017,31
32780,2018,43
32780,2019,7
32780,2020,16
32780,2021,35
32820,1980,92
32820,1981,66
32820,1982,42
32820,1983,71
32820,1984,51
32820,1985,44
32820,1986,63
32820,1987,75
32820,1988,99
32820,1989,51
32820,1990,68
32820,1991,47
32820,1992,54
32820,1993,48
32820,1994,59
32820,1995,75
32820,1996,56
32820,1997,56
32820,1998,78
32820,1999,78
32820,2000,74
32820,2001,61
32820,2002,53
32820,2003,50
32820,2004,34
32820,2005,75
32820,2006,50
32820,2007,57
32820,2008,27
32820,2009,13
32820,2010,28
32820,2011,36
32820,2012,40
32820,2013,7
32820,2014,6
32820,2015,5
32820,2016,10
32820,2017,5
32820,2018,13
32820,2019,6
32820,2020,6
32820,2021,8
32820,2022,11
33100,1980,96
33100,1981,89
33100,1982,40
33100,1983,43
33100,1984,25
33100,1985,21
33100,1986,14
33100,1987,24
33100,1988,26
33100,1989,22
33100,1990,10
33100,1991,5
33100,1992,23
33100,1993,20
33100,1994,13
33100,1995,17
33100,1996,9
33100,1997,15
33100,1998,37
33100,1999,25
33100,2000,24
33100,2001,12
33100,2002,6
33100,2003,5
33100,2004,9
33100,2005,11
33100,2006,14
33100,2007,14
33100,2008,9
33100,2009,4
33100,2010,5
33100,2011,9
33100,2012,4
33100,2013,6
33100,2014,5
33100,2015,1
33100,2016,6
33100,2017,8
33100,2018,4
33100,2019,3
33100,2020,2
33100,2021,3
33100,2022,3
33340,1980,38
33340,1981,42
33340,1982,40
33340,1983,51
33340,1984,36
33340,1985,37
33340,1986,32
33340,1987,48
33340,1988,69
33340,1989,46
33340,1990,30
33340,1991,54
33340,1992,25
33340,1993,18
33340,1994,24
33340,1995,34
33340,1996,19
33340,1997,22
33340,1998,31
33340,1999,50
33340,2000,19
33340,2001,41
33340,2002,39
33340,2003,29
33340,2004,16
33340,2005,42
33340,2006,13
33340,2007,24
33340,2008,8
33340,2009,12
33340,2010,16
33340,2011,12
33340,2012,34
33340,2013,4
33340,2014,9
33340,2015,7
33340,2016,9
33340,2017,8
33340,2018,9
33340,2019,3
33340,2020,8
33340,2021,14
33340,2022,6
33460,1980,53
33460,1981,47
33460,1982,39
33460,1983,65
33460,1984,32
33460,1985,33
33460,1986,18
33460,1987,38
33460,1988,62
33460,1989,37
33460,1990,13
33460,1991,15
33460,1992,13
33460,1993,6
33460,1994,11
33460,1995,35
33460,1996,9
33460,1997,9
33460,1998,11
33460,1999,18
33460,2000,25
33460,2001,29
33460,2002,19
33460,2003,25
33460,2004,11
33460,2005,26
33460,2006,13
33460,2007,14
33460,2008,4
33460,2009,9
33460,2010,13
33460,2011,4
33460,2012,9
33460,2013,3
33460,2014,2
33460,2015,7
33460,2016,4
33460,2017,2
33460,2018,6
33460,2019,1
33460,2020,3
33460,2021,9
33700,1980,62
33700,1981,76
33700,1982,56
33700,1983,64
33700,1984,77
33700,1985,97
33700,1986,78
33700,1987,112
33700,1988,105
33700,1989,89
33700,1990,73
33700,1991,62
33700,1992,63
33700,1993,42
33700,1994,52
33700,1995,56
33700,1996,69
33700,1997,40
33700,1998,65
33700,1999,55
33700,2000,59
33700,2001,51
33700,2002,87
33700,2003,72
33700,2004,40
33700,2005,43
33700,2006,49
33700,2007,54
33700,2008,88
33700,2009,73
33700,2010,41
33700,2011,75
33700,2012,84
33700,2013,69
33700,2014,69
33700,2015,52
33700,2016,48
33700,2017,69
33700,2018,52
33700,2019,27
33700,2020,39
33700,2021,54
33700,2022,8
34900,1980,9
34900,1982,1
34900,1983,7
34900,1984,9
34900,1985,5
34900,1987,9
34900,1988,6
34900,1989,3
34900,1990,1
34900,1991,3
34900,1992,2
34900,1993,5
34900,1994,3
34900,1995,8
34900,1996,3
34900,1997,1
34900,1998,3
34900,1999,6
34900,2001,1
34900,2002,2
34900,2003,3
34900,2004,3
34900,2006,2
34900,2007,6
34900,2008,9
34900,2009,4
34900,2010,2
34900,2011,2
34900,2013,3
34900,2015,1
34900,2017,14
34900,2018,12
34900,2019,2
34900,2020,15
34980,1980,32
34980,1981,34
34980,1982,44
34980,1983,59
34980,1984,63
34980,1985,32
34980,1986,50
34980,1987,56
34980,1988,97
34980,1989,52
34980,1990,79
34980,1991,57
34980,1992,27
34980,1993,62
34980,1994,68
34980,1995,83
34980,1996,66
34980,1997,69
34980,1998,83
34980,1999,133
34980,2000,80
34980,2001,49
34980,2002,55
34980,2003,44
34980,2004,26
34980,2005,57
34980,2006,41
34980,2007,74
34980,2008,26
34980,2009,5
34980,2010,30
34980,2011,24
34980,2012,35
34980,2013,3
34980,2014,6
34980,2015,2
34980,2016,7
34980,2017,2
34980,2018,8
34980,2019,1
34980,2020,2
34980,2021,6
34980,2022,5
35300,1980,51
35300,1981,50
35300,1982,54
35300,1983,78
35300,1984,52
35300,1985,39
35300,1986,28
35300,1987,41
35300,1988,43
35300,1989,26
35300,1990,42
35300,1991,44
35300,1992,21
35300,1993,32
35300,1994,39
35300,1995,27
35300,1996,23
35300,1997,30
35300,1998,28
35300,1999,38
35300,2000,27
35300,2001,39
35300,2002,52
35300,2003,38
35300,2004,18
35300,2005,37
35300,2006,23
35300,2007,30
35300,2008,23
35300,2009,7
35300,2010,20
35300,2011,16
35300,2012,28
35300,2013,15
35300,2014,9
35300,2015,16
35300,2016,17
35300,2017,14
35300,2018,15
35300,2019,17
35300,2020,14
35300,2021,15
35300,2022,1
35380,1980,32
35380,1981,49
35380,1982,53
35380,1983,47
35380,1984,49
35380,1985,57
35380,1986,62
35380,1987,63
35380,1988,56
35380,1989,30
35380,1990,40
35380,1991,21
35380,1992,21
35380,1993,30
35380,1994,33
35380,1995,54
35380,1996,32
35380,1997,37
35380,1998,34
35380,1999,57
35380,2000,69
35380,2001,32
35380,2002,18
35380,2003,26
35380,2004,21
35380,2005,41
35380,2006,36
35380,2007,28
35380,2008,15
35380,2009,15
35380,2010,21
35380,2011,33
35380,2012,18
35380,2013,6
35380,2014,14
35380,2015,6
35380,2016,4
35380,2017,2
35380,2018,6
35380,2019,1
35380,2021,4
35380,2022,3
35620,1980,173
35620,1981,153
35620,1982,156
35620,1983,155
35620,1984,181
35620,1985,197
35620,1986,167
35620,1987,151
35620,1988,117
35620,1989,111
35620,1990,95
35620,1991,110
35620,1992,65
35620,1993,88
35620,1994,88
35620,1995,75
35620,1996,72
35620,1997,66
35620,1998,84
35620,1999,87
35620,2000,70
35620,2001,92
35620,2002,88
35620,2003,65
35620,2004,55
35620,2005,73
35620,2006,68
35620,2007,72
35620,2008,55
35620,2009,39
35620,2010,61
35620,2011,35
35620,2012,39
35620,2013,22
35620,2014,17
35620,2015,41
35620,2016,36
35620,2017,20
35620,2018,27
35620,2019,21
35620,2020,13
35620,2021,22
35620,2022,14
35840,1980,3
35840,1983,3
35840,1987,1
35840,1988,15
35840,1989,15
35840,1990,13
35840,1991,10
35840,1992,21
35840,1993,14
35840,1994,12
35840,1995,13
35840,1996,14
35840,1997,26
35840,1998,31
35840,1999,29
35840,2000,38
35840,2001,24
35840,2002,9
35840,2003,22
35840,2004,33
35840,2005,24
35840,2006,18
35840,2007,14
35840,2008,9
35840,2009,7
35840,2010,7
35840,2011,8
35840,2012,3
35840,2013,4
35840,2014,1
35840,2015,1
35840,2017,2
35840,2018,3
35840,2019,3
35840,2022,1
36260,1980,57
36260,1981,52
36260,1982,61
36260,1983,42
36260,1984,45
36260,1985,51
36260,1986,54
36260,1987,36
36260,1988,45
36260,1989,49
36260,1990,30
36260,1991,24
36260,1992,18
36260,1993,14
36260,1994,32
36260,1995,16
36260,1996,50
36260,1997,17
36260,1998,39
36260,1999,21
36260,2000,36
36260,2001,40
36260,2002,50
36260,2003,43
36260,2004,19
36260,2005,36
36260,2006,36
36260,2007,48
36260,2008,28
36260,2009,26
36260,2010,27
36260,2011,26
36260,2012,30
36260,2013,49
36260,2014,19
36260,2015,20
36260,2016,28
36260,2017,41
36260,2018,32
36260,2019,8
36260,2020,17
36260,2021,34
36260,2022,11
36420,1980,35
36420,1981,34
36420,1982,18
36420,1983,35
36420,1984,68
36420,1985,39
36420,1986,27
36420,1987,48
36420,1988,50
36420,1989,33
36420,1990,23
36420,1991,28
36420,1992,15
36420,1993,15
36420,1994,43
36420,1995,50
36420,1996,23
36420,1997,28
36420,1998,72
36420,1999,33
36420,2000,39
36420,2001,46
36420,2002,37
36420,2003,37
36420,2004,16
36420,2005,39
36420,2006,55
36420,2007,13
36420,2008,13
36420,2009,19
36420,2010,12
36420,2011,49
36420,2012,43
36420,2013,11
36420,2014,8
36420,2015,2
36420,2016,5
36420,2017,7
36420,2018,15
36420,2019,4
36420,2020,6
36420,2021,12
36420,2022,11
36540,1980,80
36540,1981,5
36540,1982,16
36540,1983,6
36540,1984,14
36540,1985,22
36540,1986,5
36540,1987,14
36540,1988,43
36540,1989,15
36540,1990,8
36540,1991,8
36540,1992,3
36540,1993,1
36540,1994,3
36540,1995,8
36540,1996,1
36540,1997,5
36540,1998,13
36540,1999,16
36540,2000,20
36540,2001,12
36540,2002,16
36540,2003,18
36540,2004,12
36540,2005,25
36540,2006,19
36540,2007,18
36540,2008,11
36540,2009,3
36540,2010,11
36540,2011,6
36540,2012,24
36540,2013,5
36540,2014,2
36540,2015,4
36540,2016,2
36540,2018,7
36540,2020,2
36540,2021,5
36540,2022,1
36740,1980,12
36740,1981,31
36740,1982,12
36740,1983,7
36740,1984,15
36740,1985,8
36740,1986,18
36740,1987,24
36740,1988,24
36740,1989,26
36740,1990,24
36740,1991,10
36740,1992,21
36740,1993,23
36740,1994,17
36740,1995,24
36740,1996,12
36740,1997,23
36740,1998,42
36740,1999,28
36740,2000,39
36740,2001,22
36740,2002,15
36740,2003,18
36740,2004,17
36740,2005,23
36740,2006,29
36740,2007,19
36740,2008,7
36740,2009,3
36740,2010,10
36740,2011,13
36740,2012,7
36740,2013,3
36740,2014,3
36740,2015,1
36740,2016,2
36740,2017,3
36740,2018,3
36740,2019,6
36980,1980,31
36980,1981,17
36980,1982,39
36980,1983,74
36980,1984,37
36980,1985,38
36980,1986,55
36980,1987,78
36980,1988,74
36980,1989,43
36980,1990,69
36980,1991,19
36980,1992,19
36980,1993,29
36980,1994,47
36980,1995,45
36980,1996,30
36980,1997,39
36980,1998,59
36980,1999,71
36980,2000,29
36980,2001,28
36980,2002,46
36980,2003,29
36980,2004,6
36980,2005,43
36980,2006,19
36980,2007,48
36980,2008,7
36980,2009,3
36980,2010,14
36980,2011,17
36980,2012,31
36980,2013,1
36980,2014,1
36980,2015,7
36980,2016,3
36980,2018,2
36980,2019,1
36980,2020,1
36980,2022,1
37100,1980,173
37100,1981,160
37100,1982,181
37100,1983,157
37100,1984,164
37100,1985,166
37100,1986,186
37100,1987,168
37100,1988,182
37100,1989,164
37100,1990,144
37100,1991,170
37100,1992,128
37100,1993,95
37100,1994,135
37100,1995,133
37100,1996,132
37100,1997,119
37100,1998,80
37100,1999,89
37100,2000,87
37100,2001,89
37100,2002,73
37100,2003,100
37100,2004,85
37100,2005,67
37100,2006,59
37100,2007,48
37100,2008,61
37100,2009,42
37100,2010,23
37100,2011,18
37100,2012,33
37100,2013,13
37100,2014,17
37100,2015,17
37100,2016,13
37100,2017,37
37100,2018,19
37100,2019,11
37100,2020,28
37100,2021,11
37100,2022,7
37140,1980,35
37140,1981,45
37140,1982,24
37140,1983,69
37140,1984,36
37140,1985,28
37140,1986,44
37140,1987,58
37140,1988,71
37140,1989,26
37140,1990,27
37140,1991,30
37140,1992,18
37140,1993,21
37140,1994,28
37140,1995,31
37140,1996,23
37140,1997,25
37140,1998,67
37140,1999,59
37140,2000,41
37140,2001,36
37140,2002,43
37140,2003,25
37140,2004,4
37140,2005,30
37140,2006,12
37140,2007,33
37140,2008,4
37140,2009,2
37140,2010,9
37140,2011,6
37140,2012,31
37140,2013,1
37140,2015,3
37140,2016,1
37140,2017,1
37140,2018,1
37140,2020,2
37140,2021,2
37140,2022,1
37860,1980,35
37860,1981,37
37860,1982,26
37860,1983,25
37860,1984,36
37860,1985,19
37860,1986,36
37860,1987,58
37860,1988,44
37860,1989,15
37860,1990,48
37860,1991,15
37860,1992,36
37860,1993,22
37860,1994,21
37860,1995,31
37860,1996,23
37860,1997,45
37860,1998,38
37860,1999,44
37860,2000,66
37860,2001,27
37860,2002,13
37860,2003,24
37860,2004,33
37860,2005,39
37860,2006,37
37860,2007,28
37860,2008,20
37860,2009,9
37860,2010,11
37860,2011,21
37860,2012,4
37860,2013,1
37860,2014,5
37860,2015,1
37860,2017,3
37860,2019,1
37860,2022,2
37900,1980,17
37900,1981,17
37900,1982,8
37900,1983,28
37900,1984,17
37900,1985,5
37900,1986,10
37900,1987,32
37900,1988,47
37900,1989,22
37900,1990,10
37900,1991,13
37900,1992,11
37900,1993,3
37900,1994,15
37900,1995,23
37900,1996,14
37900,1997,8
37900,1998,10
37900,1999,16
37900,2000,7
37900,2001,14
37900,2002,23
37900,2003,12
37900,2004,2
37900,2005,16
37900,2006,5
37900,2007,23
37900,2008,2
37900,2009,3
37900,2010,3
37900,2011,3
37900,2012,22
37900,2014,1
37900,2016,2
37900,2017,4
37900,2018,4
37900,2019,2
37900,2020,4
37900,2021,1
37900,2022,1
37980,1980,159
37980,1981,130
37980,1982,115
37980,1983,141
37980,1984,116
37980,1985,126
37980,1986,108
37980,1987,106
37980,1988,87
37980,1989,87
37980,1990,89
37980,1991,97
37980,1992,63
37980,1993,105
37980,1994,99
37980,1995,89
37980,1996,82
37980,1997,71
37980,1998,82
37980,1999,68
37980,2000,67
37980,2001,85
37980,2002,85
37980,2003,65
37980,2004,50
37980,2005,64
37980,2006,60
37980,2007,62
37980,2008,57
37980,2009,26
37980,2010,57
37980,2011,34
37980,2012,50
37980,2013,20
37980,2014,20
37980,2015,33
37980,2016,20
37980,2017,24
37980,2018,21
37980,2019,18
37980,2020,9
37980,2021,17
37980,2022,4
38060,1980,110
38060,1981,127
38060,1982,103
38060,1983,118
38060,1984,175
38060,1985,149
38060,1986,114
38060,1987,94
38060,1988,83
38060,1989,88
38060,1990,65
38060,1991,61
38060,1992,86
38060,1993,77
38060,1994,80
38060,1995,90
38060,1996,94
38060,1997,113
38060,1998,150
38060,1999,203
38060,2000,174
38060,2001,98
38060,2002,95
38060,2003,92
38060,2004,61
38060,2005,102
38060,2006,271
38060,2007,226
38060,2008,206
38060,2009,84
38060,2010,76
38060,2011,140
38060,2012,115
38060,2013,108
38060,2014,122
38060,2015,76
38060,2016,81
38060,2017,108
38060,2018,90
38060,2019,59
38060,2020,230
38060,2021,245
38060,2022,93
38300,1980,98
38300,1981,83
38300,1982,79
38300,1983,93
38300,1984,58
38300,1985,57
38300,1986,65
38300,1987,69
38300,1988,74
38300,1989,53
38300,1990,42
38300,1991,73
38300,1992,30
38300,1993,61
38300,1994,61
38300,1995,59
38300,1996,54
38300,1997,53
38300,1998,88
38300,1999,93
38300,2000,66
38300,2001,95
38300,2002,81
38300,2003,68
38300,2004,67
38300,2005,86
38300,2006,74
38300,2007,75
38300,2008,61
38300,2009,39
38300,2010,63
38300,2011,49
38300,2012,48
38300,2013,18
38300,2014,13
38300,2015,28
38300,2016,29
38300,2017,21
38300,2018,17
38300,2019,12
38300,2020,13
38300,2021,12
38300,2022,5
38900,1980,23
38900,1981,44
38900,1982,19
38900,1983,18
38900,1984,9
38900,1985,20
38900,1986,24
38900,1987,25
38900,1988,21
38900,1989,9
38900,1990,18
38900,1991,16
38900,1992,13
38900,1993,1
38900,1994,6
38900,1995,6
38900,1996,17
38900,1997,2
38900,1998,9
38900,1999,14
38900,2000,12
38900,2001,9
38900,2002,10
38900,2003,10
38900,2004,16
38900,2005,17
38900,2006,16
38900,2007,23
38900,2008,9
38900,2009,18
38900,2010,3
38900,2011,18
38900,2012,3
38900,2013,17
38900,2014,8
38900,2015,8
38900,2016,2
38900,2017,17
38900,2018,12
38900,2019,3
38900,2020,15
38900,2021,1
39300,1980,64
39300,1981,48
39300,1982,46
39300,1983,76
39300,1984,70
39300,1985,62
39300,1986,41
39300,1987,41
39300,1988,57
39300,1989,36
39300,1990,33
39300,1991,36
39300,1992,28
39300,1993,24
39300,1994,32
39300,1995,35
39300,1996,25
39300,1997,35
39300,1998,33
39300,1999,34
39300,2000,27
39300,2001,42
39300,2002,43
39300,2003,31
39300,2004,23
39300,2005,28
39300,2006,24
39300,2007,32
39300,2008,15
39300,2009,6
39300,2010,16
39300,2011,15
39300,2012,18
39300,2013,12
39300,2014,4
39300,2015,12
39300,2016,7
39300,2017,7
39300,2018,13
39300,2019,2
39300,2020,4
39300,2021,6
39300,2022,3
39340,1980,52
39340,1981,57
39340,1982,74
39340,1983,71
39340,1984,54
39340,1985,56
39340,1986,61
39340,1987,37
39340,1988,39
39340,1989,47
39340,1990,18
39340,1991,27
39340,1992,15
39340,1993,18
39340,1994,10
39340,1995,10
39340,1996,38
39340,1997,9
39340,1998,38
39340,1999,29
39340,2000,34
39340,2001,43
39340,2002,40
39340,2003,35
39340,2004,32
39340,2005,23
39340,2006,38
39340,2007,42
39340,2008,24
39340,2009,24
39340,2010,15
39340,2011,9
39340,2012,15
39340,2013,44
39340,2014,15
39340,2015,18
39340,2016,21
39340,2017,14
39340,2018,32
39340,2019,1
39340,2020,6
39340,2021,19
39340,2022,3
39580,1980,103
39580,1981,34
39580,1982,37
39580,1983,76
39580,1984,65
39580,1985,51
39580,1986,78
39580,1987,80
39580,1988,83
39580,1989,40
39580,1990,60
39580,1991,35
39580,1992,24
39580,1993,72
39580,1994,62
39580,1995,64
39580,1996,63
39580,1997,88
39580,1998,94
39580,1999,79
39580,2000,71
39580,2001,72
39580,2002,67
39580,2003,36
39580,2004,26
39580,2005,50
39580,2006,27
39580,2007,42
39580,2008,29
39580,2009,4
39580,2010,16
39580,2011,26
39580,2012,11
39580,2014,1
39580,2015,3
39580,2016,4
39580,2017,1
39580,2020,1
39580,2022,2
39740,1980,77
39740,1981,53
39740,1982,48
39740,1983,56
39740,1984,35
39740,1985,42
39740,1986,31
39740,1987,42
39740,1988,65
39740,1989,36
39740,1990,30
39740,1991,49
39740,1992,15
39740,1993,37
39740,1994,26
39740,1995,32
39740,1996,30
39740,1997,30
39740,1998,44
39740,1999,43
39740,2000,20
39740,2001,40
39740,2002,45
39740,2003,18
39740,2004,11
39740,2005,26
39740,2006,19
39740,2007,24
39740,2008,21
39740,2009,7
39740,2010,26
39740,2011,12
39740,2012,15
39740,2013,12
39740,2014,8
39740,2015,7
39740,2016,7
39740,2017,6
39740,2018,6
39740,2019,7
39740,2020,1
39740,2021,6
39740,2022,1
39900,1980,89
39900,1981,101
39900,1982,40
39900,1983,15
39900,1984,82
39900,1985,40
39900,1986,97
39900,1987,34
39900,1988,36
39900,1989,22
39900,1990,29
39900,1991,22
39900,1992,14
39900,1993,5
39900,1994,8
39900,1995,9
39900,1996,16
39900,1997,4
39900,1998,10
39900,1999,16
39900,2000,5
39900,2001,17
39900,2002,19
39900,2003,13
39900,2004,8
39900,2005,10
39900,2006,20
39900,2007,13
39900,2008,20
39900,2009,4
39900,2010,7
39900,2011,4
39900,2012,22
39900,2013,35
39900,2014,16
39900,2015,14
39900,2016,7
39900,2017,5
39900,2018,21
39900,2020,26
39900,2021,36
40060,1980,66
40060,1981,58
40060,1982,50
40060,1983,94
40060,1984,61
40060,1985,75
40060,1986,53
40060,1987,80
40060,1988,78
40060,1989,41
40060,1990,46
40060,1991,61
40060,1992,42
40060,1993,90
40060,1994,68
40060,1995,53
40060,1996,48
40060,1997,68
40060,1998,81
40060,1999,63
40060,2000,39
40060,2001,50
40060,2002,61
40060,2003,34
40060,2004,30
40060,2005,49
40060,2006,35
40060,2007,47
40060,2008,35
40060,2009,4
40060,2010,29
40060,2011,24
40060,2012,20
40060,2013,1
40060,2014,2
40060,2015,4
40060,2016,4
40060,2017,1
40060,2018,2
40060,2019,1
40060,2021,4
40060,2022,1
40140,1980,255
40140,1981,278
40140,1982,240
40140,1983,233
40140,1984,250
40140,1985,240
40140,1986,254
40140,1987,233
40140,1988,237
40140,1989,256
40140,1990,257
40140,1991,267
40140,1992,230
40140,1993,232
40140,1994,210
40140,1995,209
40140,1996,193
40140,1997,190
40140,1998,171
40140,1999,211
40140,2000,209
40140,2001,224
40140,2002,204
40140,2003,194
40140,2004,194
40140,2005,183
40140,2006,168
40140,2007,210
40140,2008,176
40140,2009,172
40140,2010,171
40140,2011,175
40140,2012,185
40140,2013,166
40140,2014,179
40140,2015,176
40140,2016,163
40140,2017,180
40140,2018,178
40140,2019,153
40140,2020,180
40140,2021,174
40140,2022,96
40220,1980,36
40220,1981,30
40220,1982,18
40220,1983,36
40220,1984,30
40220,1985,26
40220,1986,26
40220,1987,53
40220,1988,52
40220,1989,10
40220,1990,9
40220,1991,19
40220,1992,10
40220,1993,21
40220,1994,24
40220,1995,25
40220,1996,7
40220,1997,30
40220,1998,61
40220,1999,35
40220,2000,25
40220,2001,29
40220,2002,40
40220,2003,7
40220,2004,7
40220,2005,17
40220,2006,16
40220,2007,11
40220,2008,7
40220,2010,7
40220,2011,2
40220,2012,4
40220,2014,1
40220,2016,1
40220,2021,1
40380,1980,22
40380,1981,29
40380,1982,27
40380,1983,33
40380,1984,24
40380,1985,31
40380,1986,37
40380,1987,29
40380,1988,40
40380,1989,19
40380,1990,22
40380,1991,36
40380,1992,9
40380,1993,13
40380,1994,22
40380,1995,14
40380,1996,6
40380,1997,17
40380,1998,23
40380,1999,31
40380,2000,5
40380,2001,22
40380,2002,27
40380,2003,13
40380,2004,5
40380,2005,15
40380,2006,6
40380,2007,13
40380,2008,9
40380,2009,2
40380,2010,8
40380,2011,1
40380,2012,12
40380,2014,1
40380,2016,2
40380,2017,3
40380,2018,4
40380,2021,2
40380,2022,2
40900,1980,118
40900,1981,137
40900,1982,141
40900,1983,117
40900,1984,132
40900,1985,126
40900,1986,122
40900,1987,151
40900,1988,141
40900,1989,158
40900,1990,135
40900,1991,143
40900,1992,134
40900,1993,69
40900,1994,108
40900,1995,88
40900,1996,99
40900,1997,63
40900,1998,89
40900,1999,143
40900,2000,109
40900,2001,121
40900,2002,148
40900,2003,118
40900,2004,116
40900,2005,94
40900,2006,121
40900,2007,102
40900,2008,93
40900,2009,72
40900,2010,49
40900,2011,81
40900,2012,86
40900,2013,54
40900,2014,63
40900,2015,43
40900,2016,62
40900,2017,62
40900,2018,61
40900,2019,23
40900,2020,56
40900,2021,63
40900,2022,21
41180,1980,185
41180,1981,81
41180,1982,75
41180,1983,97
41180,1984,86
41180,1985,70
41180,1986,104
41180,1987,87
41180,1988,95
41180,1989,67
41180,1990,63
41180,1991,69
41180,1992,44
41180,1993,52
41180,1994,80
41180,1995,77
41180,1996,57
41180,1997,59
41180,1998,74
41180,1999,69
41180,2000,54
41180,2001,75
41180,2002,85
41180,2003,63
41180,2004,45
41180,2005,87
41180,2006,80
41180,2007,59
41180,2008,28
41180,2009,22
41180,2010,48
41180,2011,50
41180,2012,72
41180,2013,22
41180,2014,23
41180,2015,17
41180,2016,22
41180,2017,19
41180,2018,19
41180,2019,13
41180,2020,11
41180,2021,15
41180,2022,14
41500,1980,11
41500,1981,2
41500,1982,2
41500,1983,6
41500,1984,8
41500,1985,9
41500,1986,6
41500,1987,7
41500,1988,2
41500,1989,9
41500,1990,8
41500,1991,7
41500,1992,3
41500,1993,9
41500,1994,4
41500,1995,1
41500,1996,15
41500,1997,2
41500,1998,1
41500,1999,1
41500,2000,3
41500,2001,2
41500,2002,1
41500,2003,4
41500,2004,5
41500,2006,1
41500,2007,1
41500,2009,1
41500,2010,1
41500,2014,1
41500,2015,1
41500,2016,11
41500,2017,2
41500,2018,7
41500,2019,1
41500,2020,15
41620,1980,100
41620,1981,56
41620,1982,46
41620,1983,33
41620,1984,58
41620,1985,64
41620,1986,74
41620,1987,36
41620,1988,49
41620,1989,42
41620,1990,13
41620,1991,38
41620,1992,24
41620,1993,20
41620,1994,49
41620,1995,22
41620,1996,48
41620,1997,17
41620,1998,45
41620,1999,40
41620,2000,57
41620,2001,57
41620,2002,68
41620,2003,43
41620,2004,58
41620,2005,64
41620,2006,59
41620,2007,66
41620,2008,33
41620,2009,43
41620,2010,25
41620,2011,35
41620,2012,25
41620,2013,52
41620,2014,24
41620,2015,28
41620,2016,29
41620,2017,53
41620,2018,50
41620,2019,18
41620,2020,21
41620,2021,52
41620,2022,25
41700,1980,38
41700,1981,25
41700,1982,33
41700,1983,35
41700,1984,36
41700,1985,18
41700,1986,25
41700,1987,25
41700,1988,22
41700,1989,22
41700,1990,17
41700,1991,22
41700,1992,10
41700,1993,12
41700,1994,21
41700,1995,49
41700,1996,12
41700,1997,21
41700,1998,30
41700,1999,39
41700,2000,24
41700,2001,22
41700,2002,41
41700,2003,34
41700,2004,24
41700,2005,34
41700,2006,34
41700,2007,10
41700,2008,15
41700,2009,11
41700,2010,12
41700,2011,24
41700,2012,17
41700,2013,18
41700,2014,8
41700,2015,15
41700,2016,7
41700,2017,6
41700,2018,11
41700,2019,7
41700,2020,17
41700,2021,15
41700,2022,3
41740,1980,224
41740,1981,228
41740,1982,179
41740,1983,172
41740,1984,209
41740,1985,201
41740,1986,201
41740,1987,196
41740,1988,235
41740,1989,238
41740,1990,201
41740,1991,174
41740,1992,159
41740,1993,139
41740,1994,138
41740,1995,137
41740,1996,97
41740,1997,80
41740,1998,90
41740,1999,107
41740,2000,106
41740,2001,95
41740,2002,80
41740,2003,83
41740,2004,60
41740,2005,66
41740,2006,74
41740,2007,68
41740,2008,80
41740,2009,57
41740,2010,28
41740,2011,40
41740,2012,41
41740,2013,39
41740,2014,45
41740,2015,44
41740,2016,50
41740,2017,70
41740,2018,42
41740,2019,30
41740,2020,55
41740,2021,16
41740,2022,9
41860,1980,75
41860,1981,46
41860,1982,43
41860,1983,38
41860,1984,55
41860,1985,48
41860,1986,53
41860,1987,52
41860,1988,50
41860,1989,46
41860,1990,28
41860,1991,34
41860,1992,22
41860,1993,22
41860,1994,13
41860,1995,26
41860,1996,29
41860,1997,9
41860,1998,26
41860,1999,42
41860,2000,32
41860,2001,35
41860,2002,43
41860,2003,28
41860,2004,28
41860,2005,23
41860,2006,29
41860,2007,16
41860,2008,22
41860,2009,18
41860,2010,15
41860,2011,13
41860,2012,9
41860,2013,9
41860,2014,13
41860,2015,15
41860,2016,17
41860,2017,16
41860,2018,19
41860,2019,10
41860,2020,25
41860,2021,10
41860,2022,2
41940,1980,60
41940,1981,52
41940,1982,49
41940,1983,53
41940,1984,62
41940,1985,64
41940,1986,41
41940,1987,87
41940,1988,62
41940,1989,70
41940,1990,54
41940,1991,61
41940,1992,46
41940,1993,42
41940,1994,31
41940,1995,38
41940,1996,58
41940,1997,21
41940,1998,39
41940,1999,52
41940,2000,52
41940,2001,39
41940,2002,55
41940,2003,40
41940,2004,32
41940,2005,26
41940,2006,36
41940,2007,29
41940,2008,37
41940,2009,15
41940,2010,15
41940,2011,10
41940,2012,13
41940,2013,13
41940,2014,9
41940,2015,7
41940,2016,7
41940,2017,12
41940,2018,19
41940,2019,4
41940,2020,23
41940,2021,8
41940,2022,2
42020,1980,30
42020,1981,15
42020,1982,13
42020,1983,14
42020,1984,7
42020,1985,13
42020,1986,14
42020,1987,22
42020,1988,26
42020,1989,49
42020,1990,23
42020,1991,23
42020,1992,11
42020,1993,12
42020,1994,14
42020,1995,25
42020,1996,42
42020,1997,8
42020,1998,77
42020,1999,16
42020,2000,9
42020,2001,20
42020,2002,16
42020,2003,14
42020,2004,7
42020,2005,5
42020,2006,53
42020,2007,51
42020,2008,73
42020,2009,31
42020,2010,36
42020,2011,24
42020,2012,43
42020,2013,16
42020,2014,18
42020,2015,6
42020,2016,13
42020,2017,11
42020,2018,11
42020,2019,6
42020,2020,31
42020,2021,9
42020,2022,2
42100,1980,6
42100,1981,5
42100,1982,5
42100,1983,1
42100,1984,1
42100,1985,5
42100,1986,1
42100,1987,2
42100,1988,1
42100,1989,3
42100,1990,1
42100,1991,2
42100,1992,1
42100,1993,2
42100,1994,4
42100,1995,1
42100,1996,8
42100,1997,1
42100,1998,2
42100,1999,3
42100,2000,2
42100,2001,2
42100,2002,1
42100,2003,2
42100,2004,3
42100,2006,1
42100,2008,1
42100,2012,1
42100,2013,22
42100,2014,12
42100,2017,5
42100,2018,10
42100,2020,20
42200,1980,65
42200,1981,47
42200,1982,35
42200,1983,30
42200,1984,29
42200,1985,42
42200,1986,90
42200,1987,85
42200,1988,112
42200,1989,111
42200,1990,96
42200,1991,106
42200,1992,74
42200,1993,63
42200,1994,57
42200,1995,62
42200,1996,64
42200,1997,51
42200,1998,50
42200,1999,36
42200,2000,41
42200,2001,40
42200,2002,38
42200,2003,46
42200,2004,21
42200,2005,16
42200,2006,17
42200,2007,23
42200,2008,13
42200,2009,11
42200,2010,8
42200,2011,3
42200,2012,5
42200,2013,3
42200,2014,10
42200,2015,2
42200,2016,12
42200,2017,18
42200,2018,3
42200,2019,2
42200,2020,13
42200,2021,1
42220,1980,14
42220,1982,3
42220,1983,4
42220,1984,13
42220,1985,9
42220,1986,2
42220,1987,11
42220,1988,8
42220,1989,9
42220,1990,2
42220,1991,4
42220,1992,3
42220,1993,3
42220,1994,4
42220,1995,5
42220,1996,3
42220,1997,9
42220,1998,12
42220,1999,14
42220,2000,7
42220,2001,6
42220,2002,5
42220,2003,2
42220,2004,1
42220,2006,1
42220,2017,5
42220,2018,13
42220,2020,7
42540,1980,60
42540,1981,36
42540,1982,42
42540,1983,45
42540,1984,43
42540,1985,35
42540,1986,25
42540,1987,35
42540,1988,49
42540,1989,26
42540,1990,27
42540,1991,49
42540,1992,14
42540,1993,39
42540,1994,32
42540,1995,38
42540,1996,36
42540,1997,28
42540,1998,35
42540,1999,39
42540,2000,16
42540,2001,37
42540,2002,43
42540,2003,17
42540,2004,11
42540,2005,28
42540,2006,11
42540,2007,20
42540,2008,12
42540,2009,3
42540,2010,10
42540,2011,6
42540,2012,6
42540,2013,3
42540,2014,1
42540,2015,4
42540,2016,4
42540,2018,1
42540,2021,1
42660,1980,49
42660,1981,66
42660,1982,104
42660,1983,28
42660,1984,12
42660,1985,38
42660,1986,27
42660,1987,40
42660,1988,35
42660,1989,16
42660,1990,22
42660,1991,14
42660,1992,20
42660,1993,4
42660,1994,7
42660,1995,10
42660,1996,16
42660,1997,5
42660,1998,11
42660,1999,16
42660,2000,30
42660,2001,27
42660,2002,24
42660,2003,41
42660,2004,24
42660,2005,27
42660,2006,32
42660,2007,30
42660,2008,11
42660,2009,25
42660,2010,3
42660,2011,13
42660,2012,13
42660,2013,8
42660,2014,7
42660,2015,20
42660,2016,4
42660,2017,25
42660,2018,17
42660,2019,2
42660,2020,14
42660,2021,7
42660,2022,7
43340,1980,4
43340,1981,58
43340,1982,38
43340,1983,6
43340,1984,12
43340,1985,29
43340,1986,35
43340,1987,72
43340,1988,64
43340,1989,33
43340,1990,43
43340,1991,17
43340,1992,30
43340,1993,31
43340,1994,23
43340,1995,28
43340,1996,14
43340,1997,34
43340,1998,59
43340,1999,55
43340,2000,37
43340,2001,34
43340,2002,16
43340,2003,18
43340,2004,13
43340,2005,28
43340,2006,39
43340,2007,16
43340,2008,7
43340,2009,9
43340,2010,18
43340,2011,35
43340,2012,6
43340,2013,4
43340,2014,1
43340,2015,1
43340,2017,2
43340,2018,2
43340,2020,1
43340,2022,1
44060,1980,101
44060,1981,85
44060,1982,60
44060,1983,43
44060,1984,38
44060,1985,48
44060,1986,37
44060,1987,63
44060,1988,48
44060,1989,21
44060,1990,23
44060,1991,20
44060,1992,14
44060,1993,13
44060,1994,3
44060,1995,5
44060,1996,6
44060,1997,5
44060,1998,6
44060,1999,4
44060,2000,11
44060,2001,9
44060,2002,18
44060,2003,20
44060,2004,5
44060,2005,10
44060,2006,9
44060,2007,2
44060,2008,10
44060,2010,1
44060,2011,6
44060,2012,3
44060,2013,4
44060,2014,6
44060,2015,19
44060,2016,2
44060,2017,19
44060,2018,20
44060,2019,3
44060,2020,9
44060,2021,18
44060,2022,1
44140,1980,32
44140,1981,48
44140,1982,30
44140,1983,82
44140,1984,60
44140,1985,43
44140,1986,35
44140,1987,36
44140,1988,69
44140,1989,38
44140,1990,38
44140,1991,35
44140,1992,34
44140,1993,40
44140,1994,49
44140,1995,34
44140,1996,21
44140,1997,32
44140,1998,36
44140,1999,32
44140,2000,20
44140,2001,40
44140,2002,38
44140,2003,25
44140,2004,18
44140,2005,34
44140,2006,25
44140,2007,32
44140,2008,22
44140,2009,14
44140,2010,13
44140,2011,13
44140,2012,15
44140,2013,6
44140,2014,1
44140,2015,6
44140,2016,8
44140,2017,7
44140,2018,7
44140,2021,2
44180,1980,13
44180,1981,1
44180,1983,13
44180,1984,13
44180,1985,5
44180,1986,19
44180,1987,13
44180,1988,28
44180,1989,11
44180,1990,1
44180,1991,1
44180,1992,2
44180,1993,5
44180,1994,15
44180,1995,30
44180,1996,36
44180,1997,3
44180,1998,7
44180,1999,17
44180,2000,18
44180,2001,11
44180,2002,16
44180,2003,8
44180,2004,1
44180,2005,16
44180,2006,11
44180,2007,11
44180,2008,4
44180,2009,1
44180,2010,4
44180,2011,13
44180,2012,21
44180,2020,1
44700,1980,53
44700,1981,45
44700,1982,32
44700,1983,32
44700,1984,67
44700,1985,62
44700,1986,66
44700,1987,95
44700,1988,58
44700,1989,31
44700,1990,40
44700,1991,57
44700,1992,44
44700,1993,38
44700,1994,39
44700,1995,32
44700,1996,57
44700,1997,15
44700,1998,37
44700,1999,51
44700,2000,36
44700,2001,25
44700,2002,40
44700,2003,29
44700,2004,16
44700,2005,15
44700,2006,38
44700,2007,28
44700,2008,32
44700,2009,25
44700,2010,14
44700,2011,44
44700,2012,43
44700,2013,34
44700,2014,36
44700,2015,40
44700,2016,29
44700,2017,38
44700,2018,33
44700,2019,12
44700,2020,31
44700,2021,17
44700,2022,5
45060,1980,24
45060,1981,21
45060,1982,24
45060,1983,9
45060,1984,7
45060,1985,17
45060,1986,27
45060,1987,38
45060,1988,37
45060,1989,19
45060,1990,18
45060,1991,34
45060,1992,12
45060,1993,18
45060,1994,20
45060,1995,15
45060,1996,6
45060,1997,12
45060,1998,17
45060,1999,25
45060,2000,10
45060,2001,25
45060,2002,30
45060,2003,13
45060,2004,7
45060,2005,23
45060,2006,6
45060,2007,17
45060,2008,7
45060,2009,1
45060,2010,8
45060,2011,2
45060,2012,11
45060,2015,1
45060,2016,2
45060,2018,2
45060,2021,1
45300,1980,38
45300,1981,44
45300,1982,39
45300,1983,45
45300,1984,47
45300,1985,43
45300,1986,50
45300,1987,73
45300,1988,44
45300,1989,32
45300,1990,36
45300,1991,18
45300,1992,26
45300,1993,28
45300,1994,23
45300,1995,32
45300,1996,23
45300,1997,43
45300,1998,46
45300,1999,44
45300,2000,55
45300,2001,31
45300,2002,19
45300,2003,28
45300,2004,21
45300,2005,46
45300,2006,44
45300,2007,26
45300,2008,15
45300,2009,6
45300,2010,13
45300,2011,18
45300,2012,10
45300,2013,6
45300,2014,6
45300,2015,1
45300,2016,5
45300,2017,3
45300,2018,6
45300,2019,7
45300,2020,3
45300,2021,1
45300,2022,2
45780,1980,50
45780,1981,55
45780,1982,64
45780,1983,46
45780,1984,16
45780,1985,21
45780,1986,20
45780,1987,31
45780,1988,57
45780,1989,22
45780,1990,30
45780,1991,32
45780,1992,14
45780,1993,22
45780,1994,33
45780,1995,29
45780,1996,31
45780,1997,22
45780,1998,35
45780,1999,40
45780,2000,20
45780,2001,45
45780,2002,39
45780,2003,34
45780,2004,15
45780,2005,39
45780,2006,12
45780,2007,23
45780,2008,14
45780,2009,8
45780,2010,9
45780,2011,11
45780,2012,27
45780,2013,1
45780,2014,7
45780,2015,2
45780,2016,5
45780,2017,5
45780,2018,13
45780,2019,2
45780,2020,8
45780,2021,6
45780,2022,7
45940,1980,72
45940,1981,42
45940,1982,50
45940,1983,64
45940,1984,48
45940,1985,57
45940,1986,56
45940,1987,56
45940,1988,57
45940,1989,42
45940,1990,51
45940,1991,81
45940,1992,43
45940,1993,66
45940,1994,53
45940,1995,51
45940,1996,39
45940,1997,40
45940,1998,59
45940,1999,51
45940,2000,30
45940,2001,43
45940,2002,58
45940,2003,26
45940,2004,21
45940,2005,29
45940,2006,32
45940,2007,40
45940,2008,20
45940,2009,8
45940,2010,36
45940,2011,15
45940,2012,24
45940,2013,5
45940,2014,6
45940,2015,10
45940,2016,13
45940,2017,6
45940,2018,8
45940,2019,2
45940,2020,4
45940,2021,9
45940,2022,3
46060,1980,137
46060,1981,103
46060,1982,101
46060,1983,76
46060,1984,41
46060,1985,57
46060,1986,21
46060,1987,25
46060,1988,24
46060,1989,22
46060,1990,36
46060,1991,21
46060,1992,23
46060,1993,37
46060,1994,37
46060,1995,32
46060,1996,23
46060,1997,19
46060,1998,29
46060,1999,17
46060,2000,28
46060,2001,5
46060,2002,13
46060,2003,35
46060,2004,12
46060,2005,22
46060,2006,25
46060,2007,15
46060,2008,22
46060,2009,4
46060,2010,6
46060,2011,22
46060,2012,10
46060,2013,8
46060,2014,4
46060,2015,2
46060,2016,6
46060,2017,9
46060,2018,12
46060,2019,2
46060,2020,16
46060,2021,17
46060,2022,9
46140,1980,80
46140,1981,59
46140,1982,54
46140,1983,59
46140,1984,63
46140,1985,51
46140,1986,34
46140,1987,69
46140,1988,82
46140,1989,35
46140,1990,48
46140,1991,53
46140,1992,22
46140,1993,20
46140,1994,48
46140,1995,61
46140,1996,38
46140,1997,39
46140,1998,65
46140,1999,40
46140,2000,44
46140,2001,61
46140,2002,41
46140,2003,39
46140,2004,16
46140,2005,46
46140,2006,50
46140,2007,21
46140,2008,16
46140,2009,20
46140,2010,11
46140,2011,52
46140,2012,50
46140,2013,12
46140,2014,4
46140,2015,4
46140,2016,4
46140,2017,2
46140,2018,11
46140,2019,2
46140,2020,2
46140,2021,10
46140,2022,15
46520,1982,1
46520,1984,1
46520,1992,1
46520,1999,2
46520,2000,2
46520,2001,2
46520,2002,2
46520,2003,2
46520,2004,2
46520,2005,3
46520,2006,1
46520,2009,1
46520,2010,1
46520,2011,1
46520,2014,1
46520,2022,1
46700,1980,19
46700,1981,12
46700,1982,13
46700,1983,12
46700,1984,21
46700,1985,9
46700,1986,10
46700,1987,29
46700,1988,27
46700,1989,16
46700,1990,9
46700,1991,7
46700,1992,5
46700,1993,6
46700,1994,5
46700,1995,14
46700,1996,27
46700,1997,8
46700,1998,29
46700,1999,32
46700,2000,13
46700,2001,13
46700,2002,20
46700,2003,11
46700,2004,17
46700,2005,16
46700,2006,21
46700,2007,19
46700,2008,24
46700,2009,10
46700,2010,6
46700,2011,11
46700,2012,7
46700,2013,11
46700,2014,4
46700,2015,6
46700,2016,2
46700,2017,10
46700,2018,15
46700,2019,1
46700,2020,16
46700,2021,3
47260,1980,78
47260,1981,42
47260,1982,37
47260,1983,57
47260,1984,28
47260,1985,41
47260,1986,44
47260,1987,53
47260,1988,44
47260,1989,20
47260,1990,41
47260,1991,50
47260,1992,32
47260,1993,71
47260,1994,37
47260,1995,38
47260,1996,28
47260,1997,58
47260,1998,56
47260,1999,47
47260,2000,40
47260,2001,33
47260,2002,43
47260,2003,20
47260,2004,13
47260,2005,23
47260,2006,20
47260,2007,22
47260,2008,26
47260,2009,2
47260,2010,19
47260,2011,17
47260,2012,7
47260,2013,3
47260,2016,3
47260,2022,1
47300,1980,122
47300,1981,110
47300,1982,120
47300,1983,114
47300,1984,111
47300,1985,145
47300,1986,148
47300,1987,174
47300,1988,164
47300,1989,151
47300,1990,143
47300,1991,134
47300,1992,139
47300,1993,138
47300,1994,143
47300,1995,139
47300,1996,131
47300,1997,124
47300,1998,110
47300,1999,176
47300,2000,161
47300,2001,176
47300,2002,201
47300,2003,185
47300,2004,168
47300,2005,150
47300,2006,147
47300,2007,184
47300,2008,173
47300,2009,140
47300,2010,118
47300,2011,152
47300,2012,142
47300,2013,144
47300,2014,133
47300,2015,103
47300,2016,125
47300,2017,138
47300,2018,127
47300,2019,88
47300,2020,138
47300,2021,140
47300,2022,47
47900,1980,115
47900,1981,93
47900,1982,96
47900,1983,115
47900,1984,105
47900,1985,107
47900,1986,102
47900,1987,114
47900,1988,98
47900,1989,89
47900,1990,92
47900,1991,112
47900,1992,64
47900,1993,101
47900,1994,79
47900,1995,76
47900,1996,63
47900,1997,74
47900,1998,89
47900,1999,90
47900,2000,68
47900,2001,81
47900,2002,86
47900,2003,50
47900,2004,43
47900,2005,65
47900,2006,60
47900,2007,71
47900,2008,40
47900,2009,15
47900,2010,54
47900,2011,41
47900,2012,39
47900,2013,14
47900,2014,10
47900,2015,16
47900,2016,16
47900,2017,10
47900,2018,14
47900,2019,13
47900,2020,4
47900,2021,10
47900,2022,4
48260,1980,33
48260,1981,2
48260,1982,13
48260,1983,8
48260,1984,6
48260,1985,6
48260,1986,22
48260,1987,43
48260,1988,70
48260,1989,50
48260,1990,41
48260,1991,67
48260,1992,20
48260,1993,33
48260,1994,38
48260,1995,43
48260,1996,21
48260,1997,20
48260,1998,37
48260,1999,46
48260,2000,28
48260,2001,49
48260,2002,51
48260,2003,32
48260,2004,23
48260,2005,33
48260,2006,22
48260,2007,31
48260,2008,16
48260,2009,5
48260,2010,16
48260,2011,11
48260,2012,17
48260,2013,6
48260,2014,6
48260,2015,6
48260,2016,2
48260,2018,4
48260,2019,2
48260,2020,2
48260,2021,3
48260,2022,1
48620,1980,16
48620,1981,18
48620,1982,18
48620,1983,33
48620,1984,13
48620,1985,15
48620,1986,11
48620,1987,13
48620,1988,30
48620,1989,9
48620,1990,14
48620,1991,13
48620,1992,5
48620,1994,9
48620,1995,17
48620,1996,11
48620,1997,23
48620,1998,37
48620,1999,23
48620,2000,28
48620,2001,40
48620,2002,33
48620,2003,24
48620,2004,3
48620,2005,20
48620,2006,30
48620,2007,6
48620,2008,3
48620,2009,7
48620,2010,13
48620,2011,29
48620,2012,38
48620,2013,8
48620,2014,4
48620,2015,1
48620,2016,1
48620,2017,2
48620,2018,2
48620,2020,6
48620,2021,5
48620,2022,3
49180,1980,3
49180,1981,29
49180,1982,10
49180,1983,37
49180,1984,37
49180,1985,32
49180,1986,49
49180,1987,62
49180,1988,91
49180,1989,35
49180,1990,54
49180,1991,43
49180,1992,35
49180,1993,81
49180,1994,38
49180,1995,51
49180,1996,54
49180,1997,64
49180,1998,80
49180,1999,78
49180,2000,79
49180,2001,54
49180,2002,51
49180,2003,31
49180,2004,22
49180,2005,37
49180,2006,34
49180,2007,53
49180,2008,24
49180,2009,5
49180,2010,29
49180,2011,18
49180,2012,14
49180,2013,2
49180,2014,1
49180,2015,4
49180,2016,4
49180,2017,1
49180,2018,2
49180,2021,4
49180,2022,1
49340,1980,40
49340,1981,38
49340,1982,11
49340,1983,35
49340,1984,23
49340,1985,19
49340,1986,14
49340,1987,39
49340,1988,33
49340,1989,9
49340,1990,12
49340,1991,25
49340,1992,31
49340,1993,25
49340,1994,37
49340,1995,32
49340,1996,19
49340,1997,26
49340,1998,33
49340,1999,38
49340,2000,19
49340,2001,33
49340,2002,40
49340,2003,21
49340,2004,16
49340,2005,24
49340,2006,17
49340,2007,31
49340,2008,12
49340,2009,8
49340,2010,9
49340,2011,6
49340,2012,11
49340,2013,6
49340,2014,4
49340,2015,5
49340,2016,5
49340,2017,5
49340,2018,7
49340,2019,1
49340,2021,4
49620,1980,57
49620,1981,15
49620,1982,32
49620,1983,55
49620,1984,33
49620,1985,44
49620,1986,30
49620,1987,33
49620,1988,57
49620,1989,24
49620,1990,31
49620,1991,51
49620,1992,22
49620,1993,32
49620,1994,32
49620,1995,27
49620,1996,20
49620,1997,42
49620,1998,54
49620,1999,34
49620,2000,28
49620,2001,51
49620,2002,50
49620,2003,29
49620,2004,19
49620,2005,39
49620,2006,12
49620,2007,37
49620,2008,25
49620,2009,5
49620,2010,23
49620,2011,15
49620,2012,17
49620,2013,6
49620,2014,2
49620,2015,10
49620,2016,5
49620,2018,1
49620,2021,2
49620,2022,1
49660,1980,127
49660,1981,93
49660,1982,83
49660,1983,54
49660,1984,47
49660,1985,40
49660,1986,26
49660,1987,39
49660,1988,55
49660,1989,28
49660,1990,39
49660,1991,66
49660,1992,27
49660,1993,48
49660,1994,41
49660,1995,48
49660,1996,40
49660,1997,30
49660,1998,58
49660,1999,53
49660,2000,31
49660,2001,55
49660,2002,47
49660,2003,27
49660,2004,29
49660,2005,47
49660,2006,23
49660,2007,38
49660,2008,23
49660,2009,8
49660,2010,18
49660,2011,11
49660,2012,25
49660,2013,5
49660,2014,6
49660,2015,6
49660,2016,10
49660,2017,4
49660,2018,6
49660,2019,2
49660,2020,4
49660,2021,3
49660,2022,4
